{
  "schemaVersion": 1,
  "generatedAt": "2026-09-30T18:13:02.935Z",
  "status": "BLOCKED",
  "limitations": "Lock metadata admission only; not a downloaded-byte verification, CVE scan or publisher attestation.",
  "scopes": [
    {
      "name": "backend",
      "issues": [
        {
          "code": "STRONG_INTEGRITY_MISSING",
          "location": "node_modules/@babel/code-frame"
        },
        {
          "code": "REGISTRY_ORIGIN_UNVERIFIED",
          "location": "node_modules/@babel/code-frame"
        },
        {
          "code": "STRONG_INTEGRITY_MISSING",
          "location": "node_modules/@babel/code-frame/node_modules/picocolors"
        },
        {
          "code": "REGISTRY_ORIGIN_UNVERIFIED",
          "location": "node_modules/@babel/code-frame/node_modules/picocolors"
        },
        {
          "code": "STRONG_INTEGRITY_MISSING",
          "location": "node_modules/@babel/helper-validator-identifier"
        },
        {
          "code": "REGISTRY_ORIGIN_UNVERIFIED",
          "location": "node_modules/@babel/helper-validator-identifier"
        },
        {
          "code": "STRONG_INTEGRITY_MISSING",
          "location": "node_modules/@balena/dockerignore"
        },
        {
          "code": "REGISTRY_ORIGIN_UNVERIFIED",
          "location": "node_modules/@balena/dockerignore"
        },
        {
          "code": "STRONG_INTEGRITY_MISSING",
          "location": "node_modules/@es-joy/jsdoccomment"
        },
        {
          "code": "REGISTRY_ORIGIN_UNVERIFIED",
          "location": "node_modules/@es-joy/jsdoccomment"
        },
        {
          "code": "STRONG_INTEGRITY_MISSING",
          "location": "node_modules/@eslint-community/eslint-utils"
        },
        {
          "code": "REGISTRY_ORIGIN_UNVERIFIED",
          "location": "node_modules/@eslint-community/eslint-utils"
        },
        {
          "code": "STRONG_INTEGRITY_MISSING",
          "location": "node_modules/@eslint-community/regexpp"
        },
        {
          "code": "REGISTRY_ORIGIN_UNVERIFIED",
          "location": "node_modules/@eslint-community/regexpp"
        },
        {
          "code": "STRONG_INTEGRITY_MISSING",
          "location": "node_modules/@eslint/config-array"
        },
        {
          "code": "REGISTRY_ORIGIN_UNVERIFIED",
          "location": "node_modules/@eslint/config-array"
        },
        {
          "code": "STRONG_INTEGRITY_MISSING",
          "location": "node_modules/@eslint/config-helpers"
        },
        {
          "code": "REGISTRY_ORIGIN_UNVERIFIED",
          "location": "node_modules/@eslint/config-helpers"
        },
        {
          "code": "STRONG_INTEGRITY_MISSING",
          "location": "node_modules/@eslint/core"
        },
        {
          "code": "REGISTRY_ORIGIN_UNVERIFIED",
          "location": "node_modules/@eslint/core"
        },
        {
          "code": "STRONG_INTEGRITY_MISSING",
          "location": "node_modules/@eslint/eslintrc"
        },
        {
          "code": "REGISTRY_ORIGIN_UNVERIFIED",
          "location": "node_modules/@eslint/eslintrc"
        },
        {
          "code": "STRONG_INTEGRITY_MISSING",
          "location": "node_modules/@eslint/eslintrc/node_modules/ajv"
        },
        {
          "code": "REGISTRY_ORIGIN_UNVERIFIED",
          "location": "node_modules/@eslint/eslintrc/node_modules/ajv"
        },
        {
          "code": "STRONG_INTEGRITY_MISSING",
          "location": "node_modules/@eslint/eslintrc/node_modules/globals"
        },
        {
          "code": "REGISTRY_ORIGIN_UNVERIFIED",
          "location": "node_modules/@eslint/eslintrc/node_modules/globals"
        },
        {
          "code": "STRONG_INTEGRITY_MISSING",
          "location": "node_modules/@eslint/eslintrc/node_modules/json-schema-traverse"
        },
        {
          "code": "REGISTRY_ORIGIN_UNVERIFIED",
          "location": "node_modules/@eslint/eslintrc/node_modules/json-schema-traverse"
        },
        {
          "code": "STRONG_INTEGRITY_MISSING",
          "location": "node_modules/@eslint/js"
        },
        {
          "code": "REGISTRY_ORIGIN_UNVERIFIED",
          "location": "node_modules/@eslint/js"
        },
        {
          "code": "STRONG_INTEGRITY_MISSING",
          "location": "node_modules/@eslint/object-schema"
        },
        {
          "code": "REGISTRY_ORIGIN_UNVERIFIED",
          "location": "node_modules/@eslint/object-schema"
        },
        {
          "code": "STRONG_INTEGRITY_MISSING",
          "location": "node_modules/@eslint/plugin-kit"
        },
        {
          "code": "REGISTRY_ORIGIN_UNVERIFIED",
          "location": "node_modules/@eslint/plugin-kit"
        },
        {
          "code": "STRONG_INTEGRITY_MISSING",
          "location": "node_modules/@grpc/grpc-js"
        },
        {
          "code": "REGISTRY_ORIGIN_UNVERIFIED",
          "location": "node_modules/@grpc/grpc-js"
        },
        {
          "code": "STRONG_INTEGRITY_MISSING",
          "location": "node_modules/@grpc/grpc-js/node_modules/@grpc/proto-loader"
        },
        {
          "code": "REGISTRY_ORIGIN_UNVERIFIED",
          "location": "node_modules/@grpc/grpc-js/node_modules/@grpc/proto-loader"
        },
        {
          "code": "STRONG_INTEGRITY_MISSING",
          "location": "node_modules/@grpc/proto-loader"
        },
        {
          "code": "REGISTRY_ORIGIN_UNVERIFIED",
          "location": "node_modules/@grpc/proto-loader"
        },
        {
          "code": "STRONG_INTEGRITY_MISSING",
          "location": "node_modules/@humanfs/core"
        },
        {
          "code": "REGISTRY_ORIGIN_UNVERIFIED",
          "location": "node_modules/@humanfs/core"
        },
        {
          "code": "STRONG_INTEGRITY_MISSING",
          "location": "node_modules/@humanfs/node"
        },
        {
          "code": "REGISTRY_ORIGIN_UNVERIFIED",
          "location": "node_modules/@humanfs/node"
        },
        {
          "code": "STRONG_INTEGRITY_MISSING",
          "location": "node_modules/@humanwhocodes/module-importer"
        },
        {
          "code": "REGISTRY_ORIGIN_UNVERIFIED",
          "location": "node_modules/@humanwhocodes/module-importer"
        },
        {
          "code": "STRONG_INTEGRITY_MISSING",
          "location": "node_modules/@humanwhocodes/retry"
        },
        {
          "code": "REGISTRY_ORIGIN_UNVERIFIED",
          "location": "node_modules/@humanwhocodes/retry"
        },
        {
          "code": "STRONG_INTEGRITY_MISSING",
          "location": "node_modules/@iobroker/admin-component-easy-access"
        },
        {
          "code": "REGISTRY_ORIGIN_UNVERIFIED",
          "location": "node_modules/@iobroker/admin-component-easy-access"
        },
        {
          "code": "STRONG_INTEGRITY_MISSING",
          "location": "node_modules/@iobroker/eslint-config"
        },
        {
          "code": "REGISTRY_ORIGIN_UNVERIFIED",
          "location": "node_modules/@iobroker/eslint-config"
        },
        {
          "code": "STRONG_INTEGRITY_MISSING",
          "location": "node_modules/@iobroker/legacy-testing"
        },
        {
          "code": "REGISTRY_ORIGIN_UNVERIFIED",
          "location": "node_modules/@iobroker/legacy-testing"
        },
        {
          "code": "STRONG_INTEGRITY_MISSING",
          "location": "node_modules/@iobroker/plugin-base"
        },
        {
          "code": "REGISTRY_ORIGIN_UNVERIFIED",
          "location": "node_modules/@iobroker/plugin-base"
        },
        {
          "code": "STRONG_INTEGRITY_MISSING",
          "location": "node_modules/@isaacs/cliui"
        },
        {
          "code": "REGISTRY_ORIGIN_UNVERIFIED",
          "location": "node_modules/@isaacs/cliui"
        },
        {
          "code": "STRONG_INTEGRITY_MISSING",
          "location": "node_modules/@isaacs/cliui/node_modules/ansi-regex"
        },
        {
          "code": "REGISTRY_ORIGIN_UNVERIFIED",
          "location": "node_modules/@isaacs/cliui/node_modules/ansi-regex"
        },
        {
          "code": "STRONG_INTEGRITY_MISSING",
          "location": "node_modules/@isaacs/cliui/node_modules/strip-ansi"
        },
        {
          "code": "REGISTRY_ORIGIN_UNVERIFIED",
          "location": "node_modules/@isaacs/cliui/node_modules/strip-ansi"
        },
        {
          "code": "STRONG_INTEGRITY_MISSING",
          "location": "node_modules/@js-sdsl/ordered-map"
        },
        {
          "code": "REGISTRY_ORIGIN_UNVERIFIED",
          "location": "node_modules/@js-sdsl/ordered-map"
        },
        {
          "code": "STRONG_INTEGRITY_MISSING",
          "location": "node_modules/@nodelib/fs.scandir"
        },
        {
          "code": "REGISTRY_ORIGIN_UNVERIFIED",
          "location": "node_modules/@nodelib/fs.scandir"
        },
        {
          "code": "STRONG_INTEGRITY_MISSING",
          "location": "node_modules/@nodelib/fs.stat"
        },
        {
          "code": "REGISTRY_ORIGIN_UNVERIFIED",
          "location": "node_modules/@nodelib/fs.stat"
        },
        {
          "code": "STRONG_INTEGRITY_MISSING",
          "location": "node_modules/@nodelib/fs.walk"
        },
        {
          "code": "REGISTRY_ORIGIN_UNVERIFIED",
          "location": "node_modules/@nodelib/fs.walk"
        },
        {
          "code": "STRONG_INTEGRITY_MISSING",
          "location": "node_modules/@pkgjs/parseargs"
        },
        {
          "code": "REGISTRY_ORIGIN_UNVERIFIED",
          "location": "node_modules/@pkgjs/parseargs"
        },
        {
          "code": "STRONG_INTEGRITY_MISSING",
          "location": "node_modules/@pkgr/core"
        },
        {
          "code": "REGISTRY_ORIGIN_UNVERIFIED",
          "location": "node_modules/@pkgr/core"
        },
        {
          "code": "STRONG_INTEGRITY_MISSING",
          "location": "node_modules/@protobufjs/aspromise"
        },
        {
          "code": "REGISTRY_ORIGIN_UNVERIFIED",
          "location": "node_modules/@protobufjs/aspromise"
        },
        {
          "code": "STRONG_INTEGRITY_MISSING",
          "location": "node_modules/@protobufjs/base64"
        },
        {
          "code": "REGISTRY_ORIGIN_UNVERIFIED",
          "location": "node_modules/@protobufjs/base64"
        },
        {
          "code": "STRONG_INTEGRITY_MISSING",
          "location": "node_modules/@protobufjs/codegen"
        },
        {
          "code": "REGISTRY_ORIGIN_UNVERIFIED",
          "location": "node_modules/@protobufjs/codegen"
        },
        {
          "code": "STRONG_INTEGRITY_MISSING",
          "location": "node_modules/@protobufjs/eventemitter"
        },
        {
          "code": "REGISTRY_ORIGIN_UNVERIFIED",
          "location": "node_modules/@protobufjs/eventemitter"
        },
        {
          "code": "STRONG_INTEGRITY_MISSING",
          "location": "node_modules/@protobufjs/fetch"
        },
        {
          "code": "REGISTRY_ORIGIN_UNVERIFIED",
          "location": "node_modules/@protobufjs/fetch"
        },
        {
          "code": "STRONG_INTEGRITY_MISSING",
          "location": "node_modules/@protobufjs/float"
        },
        {
          "code": "REGISTRY_ORIGIN_UNVERIFIED",
          "location": "node_modules/@protobufjs/float"
        },
        {
          "code": "STRONG_INTEGRITY_MISSING",
          "location": "node_modules/@protobufjs/inquire"
        },
        {
          "code": "REGISTRY_ORIGIN_UNVERIFIED",
          "location": "node_modules/@protobufjs/inquire"
        },
        {
          "code": "STRONG_INTEGRITY_MISSING",
          "location": "node_modules/@protobufjs/path"
        },
        {
          "code": "REGISTRY_ORIGIN_UNVERIFIED",
          "location": "node_modules/@protobufjs/path"
        },
        {
          "code": "STRONG_INTEGRITY_MISSING",
          "location": "node_modules/@protobufjs/pool"
        },
        {
          "code": "REGISTRY_ORIGIN_UNVERIFIED",
          "location": "node_modules/@protobufjs/pool"
        },
        {
          "code": "STRONG_INTEGRITY_MISSING",
          "location": "node_modules/@protobufjs/utf8"
        },
        {
          "code": "REGISTRY_ORIGIN_UNVERIFIED",
          "location": "node_modules/@protobufjs/utf8"
        },
        {
          "code": "STRONG_INTEGRITY_MISSING",
          "location": "node_modules/@rtsao/scc"
        },
        {
          "code": "REGISTRY_ORIGIN_UNVERIFIED",
          "location": "node_modules/@rtsao/scc"
        },
        {
          "code": "STRONG_INTEGRITY_MISSING",
          "location": "node_modules/@sinonjs/commons"
        },
        {
          "code": "REGISTRY_ORIGIN_UNVERIFIED",
          "location": "node_modules/@sinonjs/commons"
        },
        {
          "code": "STRONG_INTEGRITY_MISSING",
          "location": "node_modules/@sinonjs/commons/node_modules/type-detect"
        },
        {
          "code": "REGISTRY_ORIGIN_UNVERIFIED",
          "location": "node_modules/@sinonjs/commons/node_modules/type-detect"
        },
        {
          "code": "STRONG_INTEGRITY_MISSING",
          "location": "node_modules/@sinonjs/fake-timers"
        },
        {
          "code": "REGISTRY_ORIGIN_UNVERIFIED",
          "location": "node_modules/@sinonjs/fake-timers"
        },
        {
          "code": "STRONG_INTEGRITY_MISSING",
          "location": "node_modules/@sinonjs/samsam"
        },
        {
          "code": "REGISTRY_ORIGIN_UNVERIFIED",
          "location": "node_modules/@sinonjs/samsam"
        },
        {
          "code": "STRONG_INTEGRITY_MISSING",
          "location": "node_modules/@types/body-parser"
        },
        {
          "code": "REGISTRY_ORIGIN_UNVERIFIED",
          "location": "node_modules/@types/body-parser"
        },
        {
          "code": "STRONG_INTEGRITY_MISSING",
          "location": "node_modules/@types/busboy"
        },
        {
          "code": "REGISTRY_ORIGIN_UNVERIFIED",
          "location": "node_modules/@types/busboy"
        },
        {
          "code": "STRONG_INTEGRITY_MISSING",
          "location": "node_modules/@types/chai"
        },
        {
          "code": "REGISTRY_ORIGIN_UNVERIFIED",
          "location": "node_modules/@types/chai"
        },
        {
          "code": "STRONG_INTEGRITY_MISSING",
          "location": "node_modules/@types/chai-as-promised"
        },
        {
          "code": "REGISTRY_ORIGIN_UNVERIFIED",
          "location": "node_modules/@types/chai-as-promised"
        },
        {
          "code": "STRONG_INTEGRITY_MISSING",
          "location": "node_modules/@types/compression"
        },
        {
          "code": "REGISTRY_ORIGIN_UNVERIFIED",
          "location": "node_modules/@types/compression"
        },
        {
          "code": "STRONG_INTEGRITY_MISSING",
          "location": "node_modules/@types/connect"
        },
        {
          "code": "REGISTRY_ORIGIN_UNVERIFIED",
          "location": "node_modules/@types/connect"
        },
        {
          "code": "STRONG_INTEGRITY_MISSING",
          "location": "node_modules/@types/connect-flash"
        },
        {
          "code": "REGISTRY_ORIGIN_UNVERIFIED",
          "location": "node_modules/@types/connect-flash"
        },
        {
          "code": "STRONG_INTEGRITY_MISSING",
          "location": "node_modules/@types/estree"
        },
        {
          "code": "REGISTRY_ORIGIN_UNVERIFIED",
          "location": "node_modules/@types/estree"
        },
        {
          "code": "STRONG_INTEGRITY_MISSING",
          "location": "node_modules/@types/express-fileupload"
        },
        {
          "code": "REGISTRY_ORIGIN_UNVERIFIED",
          "location": "node_modules/@types/express-fileupload"
        },
        {
          "code": "STRONG_INTEGRITY_MISSING",
          "location": "node_modules/@types/express-serve-static-core"
        },
        {
          "code": "REGISTRY_ORIGIN_UNVERIFIED",
          "location": "node_modules/@types/express-serve-static-core"
        },
        {
          "code": "STRONG_INTEGRITY_MISSING",
          "location": "node_modules/@types/json-schema"
        },
        {
          "code": "REGISTRY_ORIGIN_UNVERIFIED",
          "location": "node_modules/@types/json-schema"
        },
        {
          "code": "STRONG_INTEGRITY_MISSING",
          "location": "node_modules/@types/json5"
        },
        {
          "code": "REGISTRY_ORIGIN_UNVERIFIED",
          "location": "node_modules/@types/json5"
        },
        {
          "code": "STRONG_INTEGRITY_MISSING",
          "location": "node_modules/@types/mime"
        },
        {
          "code": "REGISTRY_ORIGIN_UNVERIFIED",
          "location": "node_modules/@types/mime"
        },
        {
          "code": "STRONG_INTEGRITY_MISSING",
          "location": "node_modules/@types/mocha"
        },
        {
          "code": "REGISTRY_ORIGIN_UNVERIFIED",
          "location": "node_modules/@types/mocha"
        },
        {
          "code": "STRONG_INTEGRITY_MISSING",
          "location": "node_modules/@types/node"
        },
        {
          "code": "REGISTRY_ORIGIN_UNVERIFIED",
          "location": "node_modules/@types/node"
        },
        {
          "code": "STRONG_INTEGRITY_MISSING",
          "location": "node_modules/@types/passport"
        },
        {
          "code": "REGISTRY_ORIGIN_UNVERIFIED",
          "location": "node_modules/@types/passport"
        },
        {
          "code": "STRONG_INTEGRITY_MISSING",
          "location": "node_modules/@types/passport-local"
        },
        {
          "code": "REGISTRY_ORIGIN_UNVERIFIED",
          "location": "node_modules/@types/passport-local"
        },
        {
          "code": "STRONG_INTEGRITY_MISSING",
          "location": "node_modules/@types/passport-strategy"
        },
        {
          "code": "REGISTRY_ORIGIN_UNVERIFIED",
          "location": "node_modules/@types/passport-strategy"
        },
        {
          "code": "STRONG_INTEGRITY_MISSING",
          "location": "node_modules/@types/qs"
        },
        {
          "code": "REGISTRY_ORIGIN_UNVERIFIED",
          "location": "node_modules/@types/qs"
        },
        {
          "code": "STRONG_INTEGRITY_MISSING",
          "location": "node_modules/@types/range-parser"
        },
        {
          "code": "REGISTRY_ORIGIN_UNVERIFIED",
          "location": "node_modules/@types/range-parser"
        },
        {
          "code": "STRONG_INTEGRITY_MISSING",
          "location": "node_modules/@types/readdir-glob"
        },
        {
          "code": "REGISTRY_ORIGIN_UNVERIFIED",
          "location": "node_modules/@types/readdir-glob"
        },
        {
          "code": "STRONG_INTEGRITY_MISSING",
          "location": "node_modules/@types/semver"
        },
        {
          "code": "REGISTRY_ORIGIN_UNVERIFIED",
          "location": "node_modules/@types/semver"
        },
        {
          "code": "STRONG_INTEGRITY_MISSING",
          "location": "node_modules/@types/send"
        },
        {
          "code": "REGISTRY_ORIGIN_UNVERIFIED",
          "location": "node_modules/@types/send"
        },
        {
          "code": "STRONG_INTEGRITY_MISSING",
          "location": "node_modules/@types/send/node_modules/@types/mime"
        },
        {
          "code": "REGISTRY_ORIGIN_UNVERIFIED",
          "location": "node_modules/@types/send/node_modules/@types/mime"
        },
        {
          "code": "STRONG_INTEGRITY_MISSING",
          "location": "node_modules/@types/sinon"
        },
        {
          "code": "REGISTRY_ORIGIN_UNVERIFIED",
          "location": "node_modules/@types/sinon"
        },
        {
          "code": "STRONG_INTEGRITY_MISSING",
          "location": "node_modules/@types/sinon-chai"
        },
        {
          "code": "REGISTRY_ORIGIN_UNVERIFIED",
          "location": "node_modules/@types/sinon-chai"
        },
        {
          "code": "STRONG_INTEGRITY_MISSING",
          "location": "node_modules/@types/sinonjs__fake-timers"
        },
        {
          "code": "REGISTRY_ORIGIN_UNVERIFIED",
          "location": "node_modules/@types/sinonjs__fake-timers"
        },
        {
          "code": "STRONG_INTEGRITY_MISSING",
          "location": "node_modules/@typescript-eslint/eslint-plugin"
        },
        {
          "code": "REGISTRY_ORIGIN_UNVERIFIED",
          "location": "node_modules/@typescript-eslint/eslint-plugin"
        },
        {
          "code": "STRONG_INTEGRITY_MISSING",
          "location": "node_modules/@typescript-eslint/eslint-plugin/node_modules/ignore"
        },
        {
          "code": "REGISTRY_ORIGIN_UNVERIFIED",
          "location": "node_modules/@typescript-eslint/eslint-plugin/node_modules/ignore"
        },
        {
          "code": "STRONG_INTEGRITY_MISSING",
          "location": "node_modules/@typescript-eslint/parser"
        },
        {
          "code": "REGISTRY_ORIGIN_UNVERIFIED",
          "location": "node_modules/@typescript-eslint/parser"
        },
        {
          "code": "STRONG_INTEGRITY_MISSING",
          "location": "node_modules/@typescript-eslint/project-service"
        },
        {
          "code": "REGISTRY_ORIGIN_UNVERIFIED",
          "location": "node_modules/@typescript-eslint/project-service"
        },
        {
          "code": "STRONG_INTEGRITY_MISSING",
          "location": "node_modules/@typescript-eslint/scope-manager"
        },
        {
          "code": "REGISTRY_ORIGIN_UNVERIFIED",
          "location": "node_modules/@typescript-eslint/scope-manager"
        },
        {
          "code": "STRONG_INTEGRITY_MISSING",
          "location": "node_modules/@typescript-eslint/tsconfig-utils"
        },
        {
          "code": "REGISTRY_ORIGIN_UNVERIFIED",
          "location": "node_modules/@typescript-eslint/tsconfig-utils"
        },
        {
          "code": "STRONG_INTEGRITY_MISSING",
          "location": "node_modules/@typescript-eslint/type-utils"
        },
        {
          "code": "REGISTRY_ORIGIN_UNVERIFIED",
          "location": "node_modules/@typescript-eslint/type-utils"
        },
        {
          "code": "STRONG_INTEGRITY_MISSING",
          "location": "node_modules/@typescript-eslint/types"
        },
        {
          "code": "REGISTRY_ORIGIN_UNVERIFIED",
          "location": "node_modules/@typescript-eslint/types"
        },
        {
          "code": "STRONG_INTEGRITY_MISSING",
          "location": "node_modules/@typescript-eslint/typescript-estree"
        },
        {
          "code": "REGISTRY_ORIGIN_UNVERIFIED",
          "location": "node_modules/@typescript-eslint/typescript-estree"
        },
        {
          "code": "STRONG_INTEGRITY_MISSING",
          "location": "node_modules/@typescript-eslint/typescript-estree/node_modules/minimatch"
        },
        {
          "code": "REGISTRY_ORIGIN_UNVERIFIED",
          "location": "node_modules/@typescript-eslint/typescript-estree/node_modules/minimatch"
        },
        {
          "code": "STRONG_INTEGRITY_MISSING",
          "location": "node_modules/@typescript-eslint/utils"
        },
        {
          "code": "REGISTRY_ORIGIN_UNVERIFIED",
          "location": "node_modules/@typescript-eslint/utils"
        },
        {
          "code": "STRONG_INTEGRITY_MISSING",
          "location": "node_modules/@typescript-eslint/visitor-keys"
        },
        {
          "code": "REGISTRY_ORIGIN_UNVERIFIED",
          "location": "node_modules/@typescript-eslint/visitor-keys"
        },
        {
          "code": "STRONG_INTEGRITY_MISSING",
          "location": "node_modules/@typescript-eslint/visitor-keys/node_modules/eslint-visitor-keys"
        },
        {
          "code": "REGISTRY_ORIGIN_UNVERIFIED",
          "location": "node_modules/@typescript-eslint/visitor-keys/node_modules/eslint-visitor-keys"
        },
        {
          "code": "STRONG_INTEGRITY_MISSING",
          "location": "node_modules/accepts"
        },
        {
          "code": "REGISTRY_ORIGIN_UNVERIFIED",
          "location": "node_modules/accepts"
        },
        {
          "code": "STRONG_INTEGRITY_MISSING",
          "location": "node_modules/accepts/node_modules/mime-types"
        },
        {
          "code": "REGISTRY_ORIGIN_UNVERIFIED",
          "location": "node_modules/accepts/node_modules/mime-types"
        },
        {
          "code": "STRONG_INTEGRITY_MISSING",
          "location": "node_modules/accepts/node_modules/negotiator"
        },
        {
          "code": "REGISTRY_ORIGIN_UNVERIFIED",
          "location": "node_modules/accepts/node_modules/negotiator"
        },
        {
          "code": "STRONG_INTEGRITY_MISSING",
          "location": "node_modules/acorn"
        },
        {
          "code": "REGISTRY_ORIGIN_UNVERIFIED",
          "location": "node_modules/acorn"
        },
        {
          "code": "STRONG_INTEGRITY_MISSING",
          "location": "node_modules/acorn-jsx"
        },
        {
          "code": "REGISTRY_ORIGIN_UNVERIFIED",
          "location": "node_modules/acorn-jsx"
        },
        {
          "code": "STRONG_INTEGRITY_MISSING",
          "location": "node_modules/ansi-colors"
        },
        {
          "code": "REGISTRY_ORIGIN_UNVERIFIED",
          "location": "node_modules/ansi-colors"
        },
        {
          "code": "STRONG_INTEGRITY_MISSING",
          "location": "node_modules/ansi-regex"
        },
        {
          "code": "REGISTRY_ORIGIN_UNVERIFIED",
          "location": "node_modules/ansi-regex"
        },
        {
          "code": "STRONG_INTEGRITY_MISSING",
          "location": "node_modules/ansi-styles"
        },
        {
          "code": "REGISTRY_ORIGIN_UNVERIFIED",
          "location": "node_modules/ansi-styles"
        },
        {
          "code": "STRONG_INTEGRITY_MISSING",
          "location": "node_modules/are-docs-informative"
        },
        {
          "code": "REGISTRY_ORIGIN_UNVERIFIED",
          "location": "node_modules/are-docs-informative"
        },
        {
          "code": "STRONG_INTEGRITY_MISSING",
          "location": "node_modules/argparse"
        },
        {
          "code": "REGISTRY_ORIGIN_UNVERIFIED",
          "location": "node_modules/argparse"
        },
        {
          "code": "STRONG_INTEGRITY_MISSING",
          "location": "node_modules/array-buffer-byte-length"
        },
        {
          "code": "REGISTRY_ORIGIN_UNVERIFIED",
          "location": "node_modules/array-buffer-byte-length"
        },
        {
          "code": "STRONG_INTEGRITY_MISSING",
          "location": "node_modules/array-includes"
        },
        {
          "code": "REGISTRY_ORIGIN_UNVERIFIED",
          "location": "node_modules/array-includes"
        },
        {
          "code": "STRONG_INTEGRITY_MISSING",
          "location": "node_modules/array.prototype.findlast"
        },
        {
          "code": "REGISTRY_ORIGIN_UNVERIFIED",
          "location": "node_modules/array.prototype.findlast"
        },
        {
          "code": "STRONG_INTEGRITY_MISSING",
          "location": "node_modules/array.prototype.findlastindex"
        },
        {
          "code": "REGISTRY_ORIGIN_UNVERIFIED",
          "location": "node_modules/array.prototype.findlastindex"
        },
        {
          "code": "STRONG_INTEGRITY_MISSING",
          "location": "node_modules/array.prototype.flat"
        },
        {
          "code": "REGISTRY_ORIGIN_UNVERIFIED",
          "location": "node_modules/array.prototype.flat"
        },
        {
          "code": "STRONG_INTEGRITY_MISSING",
          "location": "node_modules/array.prototype.flatmap"
        },
        {
          "code": "REGISTRY_ORIGIN_UNVERIFIED",
          "location": "node_modules/array.prototype.flatmap"
        },
        {
          "code": "STRONG_INTEGRITY_MISSING",
          "location": "node_modules/array.prototype.tosorted"
        },
        {
          "code": "REGISTRY_ORIGIN_UNVERIFIED",
          "location": "node_modules/array.prototype.tosorted"
        },
        {
          "code": "STRONG_INTEGRITY_MISSING",
          "location": "node_modules/arraybuffer.prototype.slice"
        },
        {
          "code": "REGISTRY_ORIGIN_UNVERIFIED",
          "location": "node_modules/arraybuffer.prototype.slice"
        },
        {
          "code": "STRONG_INTEGRITY_MISSING",
          "location": "node_modules/asn1"
        },
        {
          "code": "REGISTRY_ORIGIN_UNVERIFIED",
          "location": "node_modules/asn1"
        },
        {
          "code": "STRONG_INTEGRITY_MISSING",
          "location": "node_modules/assertion-error"
        },
        {
          "code": "REGISTRY_ORIGIN_UNVERIFIED",
          "location": "node_modules/assertion-error"
        },
        {
          "code": "STRONG_INTEGRITY_MISSING",
          "location": "node_modules/async"
        },
        {
          "code": "REGISTRY_ORIGIN_UNVERIFIED",
          "location": "node_modules/async"
        },
        {
          "code": "STRONG_INTEGRITY_MISSING",
          "location": "node_modules/async-function"
        },
        {
          "code": "REGISTRY_ORIGIN_UNVERIFIED",
          "location": "node_modules/async-function"
        },
        {
          "code": "STRONG_INTEGRITY_MISSING",
          "location": "node_modules/available-typed-arrays"
        },
        {
          "code": "REGISTRY_ORIGIN_UNVERIFIED",
          "location": "node_modules/available-typed-arrays"
        },
        {
          "code": "STRONG_INTEGRITY_MISSING",
          "location": "node_modules/b4a"
        },
        {
          "code": "REGISTRY_ORIGIN_UNVERIFIED",
          "location": "node_modules/b4a"
        },
        {
          "code": "STRONG_INTEGRITY_MISSING",
          "location": "node_modules/balanced-match"
        },
        {
          "code": "REGISTRY_ORIGIN_UNVERIFIED",
          "location": "node_modules/balanced-match"
        },
        {
          "code": "STRONG_INTEGRITY_MISSING",
          "location": "node_modules/base64-js"
        },
        {
          "code": "REGISTRY_ORIGIN_UNVERIFIED",
          "location": "node_modules/base64-js"
        },
        {
          "code": "STRONG_INTEGRITY_MISSING",
          "location": "node_modules/baseline-browser-mapping"
        },
        {
          "code": "REGISTRY_ORIGIN_UNVERIFIED",
          "location": "node_modules/baseline-browser-mapping"
        },
        {
          "code": "STRONG_INTEGRITY_MISSING",
          "location": "node_modules/basic-auth"
        },
        {
          "code": "REGISTRY_ORIGIN_UNVERIFIED",
          "location": "node_modules/basic-auth"
        },
        {
          "code": "STRONG_INTEGRITY_MISSING",
          "location": "node_modules/basic-auth/node_modules/safe-buffer"
        },
        {
          "code": "REGISTRY_ORIGIN_UNVERIFIED",
          "location": "node_modules/basic-auth/node_modules/safe-buffer"
        },
        {
          "code": "STRONG_INTEGRITY_MISSING",
          "location": "node_modules/bcrypt-pbkdf"
        },
        {
          "code": "REGISTRY_ORIGIN_UNVERIFIED",
          "location": "node_modules/bcrypt-pbkdf"
        },
        {
          "code": "STRONG_INTEGRITY_MISSING",
          "location": "node_modules/bl"
        },
        {
          "code": "REGISTRY_ORIGIN_UNVERIFIED",
          "location": "node_modules/bl"
        },
        {
          "code": "STRONG_INTEGRITY_MISSING",
          "location": "node_modules/bl/node_modules/readable-stream"
        },
        {
          "code": "REGISTRY_ORIGIN_UNVERIFIED",
          "location": "node_modules/bl/node_modules/readable-stream"
        },
        {
          "code": "STRONG_INTEGRITY_MISSING",
          "location": "node_modules/bluebird"
        },
        {
          "code": "REGISTRY_ORIGIN_UNVERIFIED",
          "location": "node_modules/bluebird"
        },
        {
          "code": "STRONG_INTEGRITY_MISSING",
          "location": "node_modules/braces"
        },
        {
          "code": "REGISTRY_ORIGIN_UNVERIFIED",
          "location": "node_modules/braces"
        },
        {
          "code": "STRONG_INTEGRITY_MISSING",
          "location": "node_modules/browser-stdout"
        },
        {
          "code": "REGISTRY_ORIGIN_UNVERIFIED",
          "location": "node_modules/browser-stdout"
        },
        {
          "code": "STRONG_INTEGRITY_MISSING",
          "location": "node_modules/browserslist"
        },
        {
          "code": "REGISTRY_ORIGIN_UNVERIFIED",
          "location": "node_modules/browserslist"
        },
        {
          "code": "STRONG_INTEGRITY_MISSING",
          "location": "node_modules/buffer"
        },
        {
          "code": "REGISTRY_ORIGIN_UNVERIFIED",
          "location": "node_modules/buffer"
        },
        {
          "code": "STRONG_INTEGRITY_MISSING",
          "location": "node_modules/buffer-crc32"
        },
        {
          "code": "REGISTRY_ORIGIN_UNVERIFIED",
          "location": "node_modules/buffer-crc32"
        },
        {
          "code": "STRONG_INTEGRITY_MISSING",
          "location": "node_modules/buffer-from"
        },
        {
          "code": "REGISTRY_ORIGIN_UNVERIFIED",
          "location": "node_modules/buffer-from"
        },
        {
          "code": "STRONG_INTEGRITY_MISSING",
          "location": "node_modules/buildcheck"
        },
        {
          "code": "REGISTRY_ORIGIN_UNVERIFIED",
          "location": "node_modules/buildcheck"
        },
        {
          "code": "STRONG_INTEGRITY_MISSING",
          "location": "node_modules/builtin-modules"
        },
        {
          "code": "REGISTRY_ORIGIN_UNVERIFIED",
          "location": "node_modules/builtin-modules"
        },
        {
          "code": "STRONG_INTEGRITY_MISSING",
          "location": "node_modules/busboy"
        },
        {
          "code": "REGISTRY_ORIGIN_UNVERIFIED",
          "location": "node_modules/busboy"
        },
        {
          "code": "STRONG_INTEGRITY_MISSING",
          "location": "node_modules/bytes"
        },
        {
          "code": "REGISTRY_ORIGIN_UNVERIFIED",
          "location": "node_modules/bytes"
        },
        {
          "code": "STRONG_INTEGRITY_MISSING",
          "location": "node_modules/call-bind"
        },
        {
          "code": "REGISTRY_ORIGIN_UNVERIFIED",
          "location": "node_modules/call-bind"
        },
        {
          "code": "STRONG_INTEGRITY_MISSING",
          "location": "node_modules/call-bind-apply-helpers"
        },
        {
          "code": "REGISTRY_ORIGIN_UNVERIFIED",
          "location": "node_modules/call-bind-apply-helpers"
        },
        {
          "code": "STRONG_INTEGRITY_MISSING",
          "location": "node_modules/call-bound"
        },
        {
          "code": "REGISTRY_ORIGIN_UNVERIFIED",
          "location": "node_modules/call-bound"
        },
        {
          "code": "STRONG_INTEGRITY_MISSING",
          "location": "node_modules/callsites"
        },
        {
          "code": "REGISTRY_ORIGIN_UNVERIFIED",
          "location": "node_modules/callsites"
        },
        {
          "code": "STRONG_INTEGRITY_MISSING",
          "location": "node_modules/camelcase"
        },
        {
          "code": "REGISTRY_ORIGIN_UNVERIFIED",
          "location": "node_modules/camelcase"
        },
        {
          "code": "STRONG_INTEGRITY_MISSING",
          "location": "node_modules/caniuse-lite"
        },
        {
          "code": "REGISTRY_ORIGIN_UNVERIFIED",
          "location": "node_modules/caniuse-lite"
        },
        {
          "code": "STRONG_INTEGRITY_MISSING",
          "location": "node_modules/chai"
        },
        {
          "code": "REGISTRY_ORIGIN_UNVERIFIED",
          "location": "node_modules/chai"
        },
        {
          "code": "STRONG_INTEGRITY_MISSING",
          "location": "node_modules/chai-as-promised"
        },
        {
          "code": "REGISTRY_ORIGIN_UNVERIFIED",
          "location": "node_modules/chai-as-promised"
        },
        {
          "code": "STRONG_INTEGRITY_MISSING",
          "location": "node_modules/chalk"
        },
        {
          "code": "REGISTRY_ORIGIN_UNVERIFIED",
          "location": "node_modules/chalk"
        },
        {
          "code": "STRONG_INTEGRITY_MISSING",
          "location": "node_modules/change-case"
        },
        {
          "code": "REGISTRY_ORIGIN_UNVERIFIED",
          "location": "node_modules/change-case"
        },
        {
          "code": "STRONG_INTEGRITY_MISSING",
          "location": "node_modules/check-error"
        },
        {
          "code": "REGISTRY_ORIGIN_UNVERIFIED",
          "location": "node_modules/check-error"
        },
        {
          "code": "STRONG_INTEGRITY_MISSING",
          "location": "node_modules/chokidar"
        },
        {
          "code": "REGISTRY_ORIGIN_UNVERIFIED",
          "location": "node_modules/chokidar"
        },
        {
          "code": "STRONG_INTEGRITY_MISSING",
          "location": "node_modules/clean-regexp"
        },
        {
          "code": "REGISTRY_ORIGIN_UNVERIFIED",
          "location": "node_modules/clean-regexp"
        },
        {
          "code": "STRONG_INTEGRITY_MISSING",
          "location": "node_modules/clean-regexp/node_modules/escape-string-regexp"
        },
        {
          "code": "REGISTRY_ORIGIN_UNVERIFIED",
          "location": "node_modules/clean-regexp/node_modules/escape-string-regexp"
        },
        {
          "code": "STRONG_INTEGRITY_MISSING",
          "location": "node_modules/cliui"
        },
        {
          "code": "REGISTRY_ORIGIN_UNVERIFIED",
          "location": "node_modules/cliui"
        },
        {
          "code": "STRONG_INTEGRITY_MISSING",
          "location": "node_modules/cliui/node_modules/emoji-regex"
        },
        {
          "code": "REGISTRY_ORIGIN_UNVERIFIED",
          "location": "node_modules/cliui/node_modules/emoji-regex"
        },
        {
          "code": "STRONG_INTEGRITY_MISSING",
          "location": "node_modules/cliui/node_modules/string-width"
        },
        {
          "code": "REGISTRY_ORIGIN_UNVERIFIED",
          "location": "node_modules/cliui/node_modules/string-width"
        },
        {
          "code": "STRONG_INTEGRITY_MISSING",
          "location": "node_modules/cliui/node_modules/wrap-ansi"
        },
        {
          "code": "REGISTRY_ORIGIN_UNVERIFIED",
          "location": "node_modules/cliui/node_modules/wrap-ansi"
        },
        {
          "code": "STRONG_INTEGRITY_MISSING",
          "location": "node_modules/co-bluebird"
        },
        {
          "code": "REGISTRY_ORIGIN_UNVERIFIED",
          "location": "node_modules/co-bluebird"
        },
        {
          "code": "STRONG_INTEGRITY_MISSING",
          "location": "node_modules/co-bluebird/node_modules/bluebird"
        },
        {
          "code": "REGISTRY_ORIGIN_UNVERIFIED",
          "location": "node_modules/co-bluebird/node_modules/bluebird"
        },
        {
          "code": "STRONG_INTEGRITY_MISSING",
          "location": "node_modules/co-use"
        },
        {
          "code": "REGISTRY_ORIGIN_UNVERIFIED",
          "location": "node_modules/co-use"
        },
        {
          "code": "STRONG_INTEGRITY_MISSING",
          "location": "node_modules/color-convert"
        },
        {
          "code": "REGISTRY_ORIGIN_UNVERIFIED",
          "location": "node_modules/color-convert"
        },
        {
          "code": "STRONG_INTEGRITY_MISSING",
          "location": "node_modules/color-name"
        },
        {
          "code": "REGISTRY_ORIGIN_UNVERIFIED",
          "location": "node_modules/color-name"
        },
        {
          "code": "STRONG_INTEGRITY_MISSING",
          "location": "node_modules/colorette"
        },
        {
          "code": "REGISTRY_ORIGIN_UNVERIFIED",
          "location": "node_modules/colorette"
        },
        {
          "code": "STRONG_INTEGRITY_MISSING",
          "location": "node_modules/comment-parser"
        },
        {
          "code": "REGISTRY_ORIGIN_UNVERIFIED",
          "location": "node_modules/comment-parser"
        },
        {
          "code": "STRONG_INTEGRITY_MISSING",
          "location": "node_modules/compressible"
        },
        {
          "code": "REGISTRY_ORIGIN_UNVERIFIED",
          "location": "node_modules/compressible"
        },
        {
          "code": "STRONG_INTEGRITY_MISSING",
          "location": "node_modules/compression"
        },
        {
          "code": "REGISTRY_ORIGIN_UNVERIFIED",
          "location": "node_modules/compression"
        },
        {
          "code": "STRONG_INTEGRITY_MISSING",
          "location": "node_modules/compression/node_modules/debug"
        },
        {
          "code": "REGISTRY_ORIGIN_UNVERIFIED",
          "location": "node_modules/compression/node_modules/debug"
        },
        {
          "code": "STRONG_INTEGRITY_MISSING",
          "location": "node_modules/compression/node_modules/ms"
        },
        {
          "code": "REGISTRY_ORIGIN_UNVERIFIED",
          "location": "node_modules/compression/node_modules/ms"
        },
        {
          "code": "STRONG_INTEGRITY_MISSING",
          "location": "node_modules/concat-map"
        },
        {
          "code": "REGISTRY_ORIGIN_UNVERIFIED",
          "location": "node_modules/concat-map"
        },
        {
          "code": "STRONG_INTEGRITY_MISSING",
          "location": "node_modules/content-disposition"
        },
        {
          "code": "REGISTRY_ORIGIN_UNVERIFIED",
          "location": "node_modules/content-disposition"
        },
        {
          "code": "STRONG_INTEGRITY_MISSING",
          "location": "node_modules/content-type"
        },
        {
          "code": "REGISTRY_ORIGIN_UNVERIFIED",
          "location": "node_modules/content-type"
        },
        {
          "code": "STRONG_INTEGRITY_MISSING",
          "location": "node_modules/cookie"
        },
        {
          "code": "REGISTRY_ORIGIN_UNVERIFIED",
          "location": "node_modules/cookie"
        },
        {
          "code": "STRONG_INTEGRITY_MISSING",
          "location": "node_modules/cookie-parser"
        },
        {
          "code": "REGISTRY_ORIGIN_UNVERIFIED",
          "location": "node_modules/cookie-parser"
        },
        {
          "code": "STRONG_INTEGRITY_MISSING",
          "location": "node_modules/cookie-signature"
        },
        {
          "code": "REGISTRY_ORIGIN_UNVERIFIED",
          "location": "node_modules/cookie-signature"
        },
        {
          "code": "STRONG_INTEGRITY_MISSING",
          "location": "node_modules/core-js-compat"
        },
        {
          "code": "REGISTRY_ORIGIN_UNVERIFIED",
          "location": "node_modules/core-js-compat"
        },
        {
          "code": "STRONG_INTEGRITY_MISSING",
          "location": "node_modules/cpu-features"
        },
        {
          "code": "REGISTRY_ORIGIN_UNVERIFIED",
          "location": "node_modules/cpu-features"
        },
        {
          "code": "STRONG_INTEGRITY_MISSING",
          "location": "node_modules/cross-spawn"
        },
        {
          "code": "REGISTRY_ORIGIN_UNVERIFIED",
          "location": "node_modules/cross-spawn"
        },
        {
          "code": "STRONG_INTEGRITY_MISSING",
          "location": "node_modules/data-view-buffer"
        },
        {
          "code": "REGISTRY_ORIGIN_UNVERIFIED",
          "location": "node_modules/data-view-buffer"
        },
        {
          "code": "STRONG_INTEGRITY_MISSING",
          "location": "node_modules/data-view-byte-length"
        },
        {
          "code": "REGISTRY_ORIGIN_UNVERIFIED",
          "location": "node_modules/data-view-byte-length"
        },
        {
          "code": "STRONG_INTEGRITY_MISSING",
          "location": "node_modules/data-view-byte-offset"
        },
        {
          "code": "REGISTRY_ORIGIN_UNVERIFIED",
          "location": "node_modules/data-view-byte-offset"
        },
        {
          "code": "STRONG_INTEGRITY_MISSING",
          "location": "node_modules/debug"
        },
        {
          "code": "REGISTRY_ORIGIN_UNVERIFIED",
          "location": "node_modules/debug"
        },
        {
          "code": "STRONG_INTEGRITY_MISSING",
          "location": "node_modules/deep-eql"
        },
        {
          "code": "REGISTRY_ORIGIN_UNVERIFIED",
          "location": "node_modules/deep-eql"
        },
        {
          "code": "STRONG_INTEGRITY_MISSING",
          "location": "node_modules/deep-is"
        },
        {
          "code": "REGISTRY_ORIGIN_UNVERIFIED",
          "location": "node_modules/deep-is"
        },
        {
          "code": "STRONG_INTEGRITY_MISSING",
          "location": "node_modules/define-data-property"
        },
        {
          "code": "REGISTRY_ORIGIN_UNVERIFIED",
          "location": "node_modules/define-data-property"
        },
        {
          "code": "STRONG_INTEGRITY_MISSING",
          "location": "node_modules/define-properties"
        },
        {
          "code": "REGISTRY_ORIGIN_UNVERIFIED",
          "location": "node_modules/define-properties"
        },
        {
          "code": "STRONG_INTEGRITY_MISSING",
          "location": "node_modules/depd"
        },
        {
          "code": "REGISTRY_ORIGIN_UNVERIFIED",
          "location": "node_modules/depd"
        },
        {
          "code": "STRONG_INTEGRITY_MISSING",
          "location": "node_modules/diff"
        },
        {
          "code": "REGISTRY_ORIGIN_UNVERIFIED",
          "location": "node_modules/diff"
        },
        {
          "code": "STRONG_INTEGRITY_MISSING",
          "location": "node_modules/docker-modem"
        },
        {
          "code": "REGISTRY_ORIGIN_UNVERIFIED",
          "location": "node_modules/docker-modem"
        },
        {
          "code": "STRONG_INTEGRITY_MISSING",
          "location": "node_modules/docker-modem/node_modules/readable-stream"
        },
        {
          "code": "REGISTRY_ORIGIN_UNVERIFIED",
          "location": "node_modules/docker-modem/node_modules/readable-stream"
        },
        {
          "code": "STRONG_INTEGRITY_MISSING",
          "location": "node_modules/dockerode"
        },
        {
          "code": "REGISTRY_ORIGIN_UNVERIFIED",
          "location": "node_modules/dockerode"
        },
        {
          "code": "STRONG_INTEGRITY_MISSING",
          "location": "node_modules/dockerode/node_modules/chownr"
        },
        {
          "code": "REGISTRY_ORIGIN_UNVERIFIED",
          "location": "node_modules/dockerode/node_modules/chownr"
        },
        {
          "code": "STRONG_INTEGRITY_MISSING",
          "location": "node_modules/dockerode/node_modules/readable-stream"
        },
        {
          "code": "REGISTRY_ORIGIN_UNVERIFIED",
          "location": "node_modules/dockerode/node_modules/readable-stream"
        },
        {
          "code": "STRONG_INTEGRITY_MISSING",
          "location": "node_modules/dockerode/node_modules/tar-fs"
        },
        {
          "code": "REGISTRY_ORIGIN_UNVERIFIED",
          "location": "node_modules/dockerode/node_modules/tar-fs"
        },
        {
          "code": "STRONG_INTEGRITY_MISSING",
          "location": "node_modules/dockerode/node_modules/tar-stream"
        },
        {
          "code": "REGISTRY_ORIGIN_UNVERIFIED",
          "location": "node_modules/dockerode/node_modules/tar-stream"
        },
        {
          "code": "STRONG_INTEGRITY_MISSING",
          "location": "node_modules/doctrine"
        },
        {
          "code": "REGISTRY_ORIGIN_UNVERIFIED",
          "location": "node_modules/doctrine"
        },
        {
          "code": "STRONG_INTEGRITY_MISSING",
          "location": "node_modules/dunder-proto"
        },
        {
          "code": "REGISTRY_ORIGIN_UNVERIFIED",
          "location": "node_modules/dunder-proto"
        },
        {
          "code": "STRONG_INTEGRITY_MISSING",
          "location": "node_modules/eastasianwidth"
        },
        {
          "code": "REGISTRY_ORIGIN_UNVERIFIED",
          "location": "node_modules/eastasianwidth"
        },
        {
          "code": "STRONG_INTEGRITY_MISSING",
          "location": "node_modules/ee-first"
        },
        {
          "code": "REGISTRY_ORIGIN_UNVERIFIED",
          "location": "node_modules/ee-first"
        },
        {
          "code": "STRONG_INTEGRITY_MISSING",
          "location": "node_modules/electron-to-chromium"
        },
        {
          "code": "REGISTRY_ORIGIN_UNVERIFIED",
          "location": "node_modules/electron-to-chromium"
        },
        {
          "code": "STRONG_INTEGRITY_MISSING",
          "location": "node_modules/emoji-regex"
        },
        {
          "code": "REGISTRY_ORIGIN_UNVERIFIED",
          "location": "node_modules/emoji-regex"
        },
        {
          "code": "STRONG_INTEGRITY_MISSING",
          "location": "node_modules/encodeurl"
        },
        {
          "code": "REGISTRY_ORIGIN_UNVERIFIED",
          "location": "node_modules/encodeurl"
        },
        {
          "code": "STRONG_INTEGRITY_MISSING",
          "location": "node_modules/end-of-stream"
        },
        {
          "code": "REGISTRY_ORIGIN_UNVERIFIED",
          "location": "node_modules/end-of-stream"
        },
        {
          "code": "STRONG_INTEGRITY_MISSING",
          "location": "node_modules/enquirer"
        },
        {
          "code": "REGISTRY_ORIGIN_UNVERIFIED",
          "location": "node_modules/enquirer"
        },
        {
          "code": "STRONG_INTEGRITY_MISSING",
          "location": "node_modules/env-paths"
        },
        {
          "code": "REGISTRY_ORIGIN_UNVERIFIED",
          "location": "node_modules/env-paths"
        },
        {
          "code": "STRONG_INTEGRITY_MISSING",
          "location": "node_modules/errno"
        },
        {
          "code": "REGISTRY_ORIGIN_UNVERIFIED",
          "location": "node_modules/errno"
        },
        {
          "code": "STRONG_INTEGRITY_MISSING",
          "location": "node_modules/error-ex"
        },
        {
          "code": "REGISTRY_ORIGIN_UNVERIFIED",
          "location": "node_modules/error-ex"
        },
        {
          "code": "STRONG_INTEGRITY_MISSING",
          "location": "node_modules/es-abstract"
        },
        {
          "code": "REGISTRY_ORIGIN_UNVERIFIED",
          "location": "node_modules/es-abstract"
        },
        {
          "code": "STRONG_INTEGRITY_MISSING",
          "location": "node_modules/es-define-property"
        },
        {
          "code": "REGISTRY_ORIGIN_UNVERIFIED",
          "location": "node_modules/es-define-property"
        },
        {
          "code": "STRONG_INTEGRITY_MISSING",
          "location": "node_modules/es-errors"
        },
        {
          "code": "REGISTRY_ORIGIN_UNVERIFIED",
          "location": "node_modules/es-errors"
        },
        {
          "code": "STRONG_INTEGRITY_MISSING",
          "location": "node_modules/es-iterator-helpers"
        },
        {
          "code": "REGISTRY_ORIGIN_UNVERIFIED",
          "location": "node_modules/es-iterator-helpers"
        },
        {
          "code": "STRONG_INTEGRITY_MISSING",
          "location": "node_modules/es-object-atoms"
        },
        {
          "code": "REGISTRY_ORIGIN_UNVERIFIED",
          "location": "node_modules/es-object-atoms"
        },
        {
          "code": "STRONG_INTEGRITY_MISSING",
          "location": "node_modules/es-set-tostringtag"
        },
        {
          "code": "REGISTRY_ORIGIN_UNVERIFIED",
          "location": "node_modules/es-set-tostringtag"
        },
        {
          "code": "STRONG_INTEGRITY_MISSING",
          "location": "node_modules/es-shim-unscopables"
        },
        {
          "code": "REGISTRY_ORIGIN_UNVERIFIED",
          "location": "node_modules/es-shim-unscopables"
        },
        {
          "code": "STRONG_INTEGRITY_MISSING",
          "location": "node_modules/es-to-primitive"
        },
        {
          "code": "REGISTRY_ORIGIN_UNVERIFIED",
          "location": "node_modules/es-to-primitive"
        },
        {
          "code": "STRONG_INTEGRITY_MISSING",
          "location": "node_modules/escalade"
        },
        {
          "code": "REGISTRY_ORIGIN_UNVERIFIED",
          "location": "node_modules/escalade"
        },
        {
          "code": "STRONG_INTEGRITY_MISSING",
          "location": "node_modules/escape-html"
        },
        {
          "code": "REGISTRY_ORIGIN_UNVERIFIED",
          "location": "node_modules/escape-html"
        },
        {
          "code": "STRONG_INTEGRITY_MISSING",
          "location": "node_modules/escape-string-regexp"
        },
        {
          "code": "REGISTRY_ORIGIN_UNVERIFIED",
          "location": "node_modules/escape-string-regexp"
        },
        {
          "code": "STRONG_INTEGRITY_MISSING",
          "location": "node_modules/eslint"
        },
        {
          "code": "REGISTRY_ORIGIN_UNVERIFIED",
          "location": "node_modules/eslint"
        },
        {
          "code": "STRONG_INTEGRITY_MISSING",
          "location": "node_modules/eslint-config-prettier"
        },
        {
          "code": "REGISTRY_ORIGIN_UNVERIFIED",
          "location": "node_modules/eslint-config-prettier"
        },
        {
          "code": "STRONG_INTEGRITY_MISSING",
          "location": "node_modules/eslint-import-resolver-node"
        },
        {
          "code": "REGISTRY_ORIGIN_UNVERIFIED",
          "location": "node_modules/eslint-import-resolver-node"
        },
        {
          "code": "STRONG_INTEGRITY_MISSING",
          "location": "node_modules/eslint-import-resolver-node/node_modules/debug"
        },
        {
          "code": "REGISTRY_ORIGIN_UNVERIFIED",
          "location": "node_modules/eslint-import-resolver-node/node_modules/debug"
        },
        {
          "code": "STRONG_INTEGRITY_MISSING",
          "location": "node_modules/eslint-module-utils"
        },
        {
          "code": "REGISTRY_ORIGIN_UNVERIFIED",
          "location": "node_modules/eslint-module-utils"
        },
        {
          "code": "STRONG_INTEGRITY_MISSING",
          "location": "node_modules/eslint-module-utils/node_modules/debug"
        },
        {
          "code": "REGISTRY_ORIGIN_UNVERIFIED",
          "location": "node_modules/eslint-module-utils/node_modules/debug"
        },
        {
          "code": "STRONG_INTEGRITY_MISSING",
          "location": "node_modules/eslint-plugin-import"
        },
        {
          "code": "REGISTRY_ORIGIN_UNVERIFIED",
          "location": "node_modules/eslint-plugin-import"
        },
        {
          "code": "STRONG_INTEGRITY_MISSING",
          "location": "node_modules/eslint-plugin-import/node_modules/debug"
        },
        {
          "code": "REGISTRY_ORIGIN_UNVERIFIED",
          "location": "node_modules/eslint-plugin-import/node_modules/debug"
        },
        {
          "code": "STRONG_INTEGRITY_MISSING",
          "location": "node_modules/eslint-plugin-import/node_modules/semver"
        },
        {
          "code": "REGISTRY_ORIGIN_UNVERIFIED",
          "location": "node_modules/eslint-plugin-import/node_modules/semver"
        },
        {
          "code": "STRONG_INTEGRITY_MISSING",
          "location": "node_modules/eslint-plugin-jsdoc"
        },
        {
          "code": "REGISTRY_ORIGIN_UNVERIFIED",
          "location": "node_modules/eslint-plugin-jsdoc"
        },
        {
          "code": "STRONG_INTEGRITY_MISSING",
          "location": "node_modules/eslint-plugin-prettier"
        },
        {
          "code": "REGISTRY_ORIGIN_UNVERIFIED",
          "location": "node_modules/eslint-plugin-prettier"
        },
        {
          "code": "STRONG_INTEGRITY_MISSING",
          "location": "node_modules/eslint-plugin-react"
        },
        {
          "code": "REGISTRY_ORIGIN_UNVERIFIED",
          "location": "node_modules/eslint-plugin-react"
        },
        {
          "code": "STRONG_INTEGRITY_MISSING",
          "location": "node_modules/eslint-plugin-react-hooks"
        },
        {
          "code": "REGISTRY_ORIGIN_UNVERIFIED",
          "location": "node_modules/eslint-plugin-react-hooks"
        },
        {
          "code": "STRONG_INTEGRITY_MISSING",
          "location": "node_modules/eslint-plugin-react/node_modules/resolve"
        },
        {
          "code": "REGISTRY_ORIGIN_UNVERIFIED",
          "location": "node_modules/eslint-plugin-react/node_modules/resolve"
        },
        {
          "code": "STRONG_INTEGRITY_MISSING",
          "location": "node_modules/eslint-plugin-react/node_modules/semver"
        },
        {
          "code": "REGISTRY_ORIGIN_UNVERIFIED",
          "location": "node_modules/eslint-plugin-react/node_modules/semver"
        },
        {
          "code": "STRONG_INTEGRITY_MISSING",
          "location": "node_modules/eslint-plugin-unicorn"
        },
        {
          "code": "REGISTRY_ORIGIN_UNVERIFIED",
          "location": "node_modules/eslint-plugin-unicorn"
        },
        {
          "code": "STRONG_INTEGRITY_MISSING",
          "location": "node_modules/eslint-plugin-unicorn/node_modules/@eslint/core"
        },
        {
          "code": "REGISTRY_ORIGIN_UNVERIFIED",
          "location": "node_modules/eslint-plugin-unicorn/node_modules/@eslint/core"
        },
        {
          "code": "STRONG_INTEGRITY_MISSING",
          "location": "node_modules/eslint-plugin-unicorn/node_modules/@eslint/plugin-kit"
        },
        {
          "code": "REGISTRY_ORIGIN_UNVERIFIED",
          "location": "node_modules/eslint-plugin-unicorn/node_modules/@eslint/plugin-kit"
        },
        {
          "code": "STRONG_INTEGRITY_MISSING",
          "location": "node_modules/eslint-plugin-unicorn/node_modules/ci-info"
        },
        {
          "code": "REGISTRY_ORIGIN_UNVERIFIED",
          "location": "node_modules/eslint-plugin-unicorn/node_modules/ci-info"
        },
        {
          "code": "STRONG_INTEGRITY_MISSING",
          "location": "node_modules/eslint-scope"
        },
        {
          "code": "REGISTRY_ORIGIN_UNVERIFIED",
          "location": "node_modules/eslint-scope"
        },
        {
          "code": "STRONG_INTEGRITY_MISSING",
          "location": "node_modules/eslint-visitor-keys"
        },
        {
          "code": "REGISTRY_ORIGIN_UNVERIFIED",
          "location": "node_modules/eslint-visitor-keys"
        },
        {
          "code": "STRONG_INTEGRITY_MISSING",
          "location": "node_modules/eslint/node_modules/ajv"
        },
        {
          "code": "REGISTRY_ORIGIN_UNVERIFIED",
          "location": "node_modules/eslint/node_modules/ajv"
        },
        {
          "code": "STRONG_INTEGRITY_MISSING",
          "location": "node_modules/eslint/node_modules/eslint-visitor-keys"
        },
        {
          "code": "REGISTRY_ORIGIN_UNVERIFIED",
          "location": "node_modules/eslint/node_modules/eslint-visitor-keys"
        },
        {
          "code": "STRONG_INTEGRITY_MISSING",
          "location": "node_modules/eslint/node_modules/json-schema-traverse"
        },
        {
          "code": "REGISTRY_ORIGIN_UNVERIFIED",
          "location": "node_modules/eslint/node_modules/json-schema-traverse"
        },
        {
          "code": "STRONG_INTEGRITY_MISSING",
          "location": "node_modules/espree"
        },
        {
          "code": "REGISTRY_ORIGIN_UNVERIFIED",
          "location": "node_modules/espree"
        },
        {
          "code": "STRONG_INTEGRITY_MISSING",
          "location": "node_modules/espree/node_modules/eslint-visitor-keys"
        },
        {
          "code": "REGISTRY_ORIGIN_UNVERIFIED",
          "location": "node_modules/espree/node_modules/eslint-visitor-keys"
        },
        {
          "code": "STRONG_INTEGRITY_MISSING",
          "location": "node_modules/esquery"
        },
        {
          "code": "REGISTRY_ORIGIN_UNVERIFIED",
          "location": "node_modules/esquery"
        },
        {
          "code": "STRONG_INTEGRITY_MISSING",
          "location": "node_modules/esrecurse"
        },
        {
          "code": "REGISTRY_ORIGIN_UNVERIFIED",
          "location": "node_modules/esrecurse"
        },
        {
          "code": "STRONG_INTEGRITY_MISSING",
          "location": "node_modules/estraverse"
        },
        {
          "code": "REGISTRY_ORIGIN_UNVERIFIED",
          "location": "node_modules/estraverse"
        },
        {
          "code": "STRONG_INTEGRITY_MISSING",
          "location": "node_modules/esutils"
        },
        {
          "code": "REGISTRY_ORIGIN_UNVERIFIED",
          "location": "node_modules/esutils"
        },
        {
          "code": "STRONG_INTEGRITY_MISSING",
          "location": "node_modules/etag"
        },
        {
          "code": "REGISTRY_ORIGIN_UNVERIFIED",
          "location": "node_modules/etag"
        },
        {
          "code": "STRONG_INTEGRITY_MISSING",
          "location": "node_modules/express-fileupload"
        },
        {
          "code": "REGISTRY_ORIGIN_UNVERIFIED",
          "location": "node_modules/express-fileupload"
        },
        {
          "code": "STRONG_INTEGRITY_MISSING",
          "location": "node_modules/express-session/node_modules/cookie-signature"
        },
        {
          "code": "REGISTRY_ORIGIN_UNVERIFIED",
          "location": "node_modules/express-session/node_modules/cookie-signature"
        },
        {
          "code": "STRONG_INTEGRITY_MISSING",
          "location": "node_modules/express-session/node_modules/debug"
        },
        {
          "code": "REGISTRY_ORIGIN_UNVERIFIED",
          "location": "node_modules/express-session/node_modules/debug"
        },
        {
          "code": "STRONG_INTEGRITY_MISSING",
          "location": "node_modules/express-session/node_modules/ms"
        },
        {
          "code": "REGISTRY_ORIGIN_UNVERIFIED",
          "location": "node_modules/express-session/node_modules/ms"
        },
        {
          "code": "STRONG_INTEGRITY_MISSING",
          "location": "node_modules/express/node_modules/cookie-signature"
        },
        {
          "code": "REGISTRY_ORIGIN_UNVERIFIED",
          "location": "node_modules/express/node_modules/cookie-signature"
        },
        {
          "code": "STRONG_INTEGRITY_MISSING",
          "location": "node_modules/express/node_modules/mime-types"
        },
        {
          "code": "REGISTRY_ORIGIN_UNVERIFIED",
          "location": "node_modules/express/node_modules/mime-types"
        },
        {
          "code": "STRONG_INTEGRITY_MISSING",
          "location": "node_modules/fast-deep-equal"
        },
        {
          "code": "REGISTRY_ORIGIN_UNVERIFIED",
          "location": "node_modules/fast-deep-equal"
        },
        {
          "code": "STRONG_INTEGRITY_MISSING",
          "location": "node_modules/fast-diff"
        },
        {
          "code": "REGISTRY_ORIGIN_UNVERIFIED",
          "location": "node_modules/fast-diff"
        },
        {
          "code": "STRONG_INTEGRITY_MISSING",
          "location": "node_modules/fast-fifo"
        },
        {
          "code": "REGISTRY_ORIGIN_UNVERIFIED",
          "location": "node_modules/fast-fifo"
        },
        {
          "code": "STRONG_INTEGRITY_MISSING",
          "location": "node_modules/fast-glob"
        },
        {
          "code": "REGISTRY_ORIGIN_UNVERIFIED",
          "location": "node_modules/fast-glob"
        },
        {
          "code": "STRONG_INTEGRITY_MISSING",
          "location": "node_modules/fast-glob/node_modules/glob-parent"
        },
        {
          "code": "REGISTRY_ORIGIN_UNVERIFIED",
          "location": "node_modules/fast-glob/node_modules/glob-parent"
        },
        {
          "code": "STRONG_INTEGRITY_MISSING",
          "location": "node_modules/fast-json-stable-stringify"
        },
        {
          "code": "REGISTRY_ORIGIN_UNVERIFIED",
          "location": "node_modules/fast-json-stable-stringify"
        },
        {
          "code": "STRONG_INTEGRITY_MISSING",
          "location": "node_modules/fast-levenshtein"
        },
        {
          "code": "REGISTRY_ORIGIN_UNVERIFIED",
          "location": "node_modules/fast-levenshtein"
        },
        {
          "code": "STRONG_INTEGRITY_MISSING",
          "location": "node_modules/fast-uri"
        },
        {
          "code": "REGISTRY_ORIGIN_UNVERIFIED",
          "location": "node_modules/fast-uri"
        },
        {
          "code": "STRONG_INTEGRITY_MISSING",
          "location": "node_modules/fastq"
        },
        {
          "code": "REGISTRY_ORIGIN_UNVERIFIED",
          "location": "node_modules/fastq"
        },
        {
          "code": "STRONG_INTEGRITY_MISSING",
          "location": "node_modules/file-entry-cache"
        },
        {
          "code": "REGISTRY_ORIGIN_UNVERIFIED",
          "location": "node_modules/file-entry-cache"
        },
        {
          "code": "STRONG_INTEGRITY_MISSING",
          "location": "node_modules/fill-range"
        },
        {
          "code": "REGISTRY_ORIGIN_UNVERIFIED",
          "location": "node_modules/fill-range"
        },
        {
          "code": "STRONG_INTEGRITY_MISSING",
          "location": "node_modules/finalhandler"
        },
        {
          "code": "REGISTRY_ORIGIN_UNVERIFIED",
          "location": "node_modules/finalhandler"
        },
        {
          "code": "STRONG_INTEGRITY_MISSING",
          "location": "node_modules/find-up"
        },
        {
          "code": "REGISTRY_ORIGIN_UNVERIFIED",
          "location": "node_modules/find-up"
        },
        {
          "code": "STRONG_INTEGRITY_MISSING",
          "location": "node_modules/find-up-simple"
        },
        {
          "code": "REGISTRY_ORIGIN_UNVERIFIED",
          "location": "node_modules/find-up-simple"
        },
        {
          "code": "STRONG_INTEGRITY_MISSING",
          "location": "node_modules/flat"
        },
        {
          "code": "REGISTRY_ORIGIN_UNVERIFIED",
          "location": "node_modules/flat"
        },
        {
          "code": "STRONG_INTEGRITY_MISSING",
          "location": "node_modules/flat-cache"
        },
        {
          "code": "REGISTRY_ORIGIN_UNVERIFIED",
          "location": "node_modules/flat-cache"
        },
        {
          "code": "STRONG_INTEGRITY_MISSING",
          "location": "node_modules/for-each"
        },
        {
          "code": "REGISTRY_ORIGIN_UNVERIFIED",
          "location": "node_modules/for-each"
        },
        {
          "code": "STRONG_INTEGRITY_MISSING",
          "location": "node_modules/foreground-child"
        },
        {
          "code": "REGISTRY_ORIGIN_UNVERIFIED",
          "location": "node_modules/foreground-child"
        },
        {
          "code": "STRONG_INTEGRITY_MISSING",
          "location": "node_modules/foreground-child/node_modules/signal-exit"
        },
        {
          "code": "REGISTRY_ORIGIN_UNVERIFIED",
          "location": "node_modules/foreground-child/node_modules/signal-exit"
        },
        {
          "code": "STRONG_INTEGRITY_MISSING",
          "location": "node_modules/forwarded"
        },
        {
          "code": "REGISTRY_ORIGIN_UNVERIFIED",
          "location": "node_modules/forwarded"
        },
        {
          "code": "STRONG_INTEGRITY_MISSING",
          "location": "node_modules/fresh"
        },
        {
          "code": "REGISTRY_ORIGIN_UNVERIFIED",
          "location": "node_modules/fresh"
        },
        {
          "code": "STRONG_INTEGRITY_MISSING",
          "location": "node_modules/fs-constants"
        },
        {
          "code": "REGISTRY_ORIGIN_UNVERIFIED",
          "location": "node_modules/fs-constants"
        },
        {
          "code": "STRONG_INTEGRITY_MISSING",
          "location": "node_modules/function-bind"
        },
        {
          "code": "REGISTRY_ORIGIN_UNVERIFIED",
          "location": "node_modules/function-bind"
        },
        {
          "code": "STRONG_INTEGRITY_MISSING",
          "location": "node_modules/function.prototype.name"
        },
        {
          "code": "REGISTRY_ORIGIN_UNVERIFIED",
          "location": "node_modules/function.prototype.name"
        },
        {
          "code": "STRONG_INTEGRITY_MISSING",
          "location": "node_modules/functions-have-names"
        },
        {
          "code": "REGISTRY_ORIGIN_UNVERIFIED",
          "location": "node_modules/functions-have-names"
        },
        {
          "code": "STRONG_INTEGRITY_MISSING",
          "location": "node_modules/generator-function"
        },
        {
          "code": "REGISTRY_ORIGIN_UNVERIFIED",
          "location": "node_modules/generator-function"
        },
        {
          "code": "STRONG_INTEGRITY_MISSING",
          "location": "node_modules/get-caller-file"
        },
        {
          "code": "REGISTRY_ORIGIN_UNVERIFIED",
          "location": "node_modules/get-caller-file"
        },
        {
          "code": "STRONG_INTEGRITY_MISSING",
          "location": "node_modules/get-func-name"
        },
        {
          "code": "REGISTRY_ORIGIN_UNVERIFIED",
          "location": "node_modules/get-func-name"
        },
        {
          "code": "STRONG_INTEGRITY_MISSING",
          "location": "node_modules/get-intrinsic"
        },
        {
          "code": "REGISTRY_ORIGIN_UNVERIFIED",
          "location": "node_modules/get-intrinsic"
        },
        {
          "code": "STRONG_INTEGRITY_MISSING",
          "location": "node_modules/get-proto"
        },
        {
          "code": "REGISTRY_ORIGIN_UNVERIFIED",
          "location": "node_modules/get-proto"
        },
        {
          "code": "STRONG_INTEGRITY_MISSING",
          "location": "node_modules/get-symbol-description"
        },
        {
          "code": "REGISTRY_ORIGIN_UNVERIFIED",
          "location": "node_modules/get-symbol-description"
        },
        {
          "code": "STRONG_INTEGRITY_MISSING",
          "location": "node_modules/glob-parent"
        },
        {
          "code": "REGISTRY_ORIGIN_UNVERIFIED",
          "location": "node_modules/glob-parent"
        },
        {
          "code": "STRONG_INTEGRITY_MISSING",
          "location": "node_modules/glob/node_modules/minimatch"
        },
        {
          "code": "REGISTRY_ORIGIN_UNVERIFIED",
          "location": "node_modules/glob/node_modules/minimatch"
        },
        {
          "code": "STRONG_INTEGRITY_MISSING",
          "location": "node_modules/globals"
        },
        {
          "code": "REGISTRY_ORIGIN_UNVERIFIED",
          "location": "node_modules/globals"
        },
        {
          "code": "STRONG_INTEGRITY_MISSING",
          "location": "node_modules/globalthis"
        },
        {
          "code": "REGISTRY_ORIGIN_UNVERIFIED",
          "location": "node_modules/globalthis"
        },
        {
          "code": "STRONG_INTEGRITY_MISSING",
          "location": "node_modules/globalyzer"
        },
        {
          "code": "REGISTRY_ORIGIN_UNVERIFIED",
          "location": "node_modules/globalyzer"
        },
        {
          "code": "STRONG_INTEGRITY_MISSING",
          "location": "node_modules/globrex"
        },
        {
          "code": "REGISTRY_ORIGIN_UNVERIFIED",
          "location": "node_modules/globrex"
        },
        {
          "code": "STRONG_INTEGRITY_MISSING",
          "location": "node_modules/gopd"
        },
        {
          "code": "REGISTRY_ORIGIN_UNVERIFIED",
          "location": "node_modules/gopd"
        },
        {
          "code": "STRONG_INTEGRITY_MISSING",
          "location": "node_modules/graceful-fs"
        },
        {
          "code": "REGISTRY_ORIGIN_UNVERIFIED",
          "location": "node_modules/graceful-fs"
        },
        {
          "code": "STRONG_INTEGRITY_MISSING",
          "location": "node_modules/graphemer"
        },
        {
          "code": "REGISTRY_ORIGIN_UNVERIFIED",
          "location": "node_modules/graphemer"
        },
        {
          "code": "STRONG_INTEGRITY_MISSING",
          "location": "node_modules/has-bigints"
        },
        {
          "code": "REGISTRY_ORIGIN_UNVERIFIED",
          "location": "node_modules/has-bigints"
        },
        {
          "code": "STRONG_INTEGRITY_MISSING",
          "location": "node_modules/has-flag"
        },
        {
          "code": "REGISTRY_ORIGIN_UNVERIFIED",
          "location": "node_modules/has-flag"
        },
        {
          "code": "STRONG_INTEGRITY_MISSING",
          "location": "node_modules/has-property-descriptors"
        },
        {
          "code": "REGISTRY_ORIGIN_UNVERIFIED",
          "location": "node_modules/has-property-descriptors"
        },
        {
          "code": "STRONG_INTEGRITY_MISSING",
          "location": "node_modules/has-proto"
        },
        {
          "code": "REGISTRY_ORIGIN_UNVERIFIED",
          "location": "node_modules/has-proto"
        },
        {
          "code": "STRONG_INTEGRITY_MISSING",
          "location": "node_modules/has-symbols"
        },
        {
          "code": "REGISTRY_ORIGIN_UNVERIFIED",
          "location": "node_modules/has-symbols"
        },
        {
          "code": "STRONG_INTEGRITY_MISSING",
          "location": "node_modules/has-tostringtag"
        },
        {
          "code": "REGISTRY_ORIGIN_UNVERIFIED",
          "location": "node_modules/has-tostringtag"
        },
        {
          "code": "STRONG_INTEGRITY_MISSING",
          "location": "node_modules/hasown"
        },
        {
          "code": "REGISTRY_ORIGIN_UNVERIFIED",
          "location": "node_modules/hasown"
        },
        {
          "code": "STRONG_INTEGRITY_MISSING",
          "location": "node_modules/he"
        },
        {
          "code": "REGISTRY_ORIGIN_UNVERIFIED",
          "location": "node_modules/he"
        },
        {
          "code": "STRONG_INTEGRITY_MISSING",
          "location": "node_modules/iconv-lite"
        },
        {
          "code": "REGISTRY_ORIGIN_UNVERIFIED",
          "location": "node_modules/iconv-lite"
        },
        {
          "code": "STRONG_INTEGRITY_MISSING",
          "location": "node_modules/ieee754"
        },
        {
          "code": "REGISTRY_ORIGIN_UNVERIFIED",
          "location": "node_modules/ieee754"
        },
        {
          "code": "STRONG_INTEGRITY_MISSING",
          "location": "node_modules/ignore"
        },
        {
          "code": "REGISTRY_ORIGIN_UNVERIFIED",
          "location": "node_modules/ignore"
        },
        {
          "code": "STRONG_INTEGRITY_MISSING",
          "location": "node_modules/image-size"
        },
        {
          "code": "REGISTRY_ORIGIN_UNVERIFIED",
          "location": "node_modules/image-size"
        },
        {
          "code": "STRONG_INTEGRITY_MISSING",
          "location": "node_modules/import-fresh"
        },
        {
          "code": "REGISTRY_ORIGIN_UNVERIFIED",
          "location": "node_modules/import-fresh"
        },
        {
          "code": "STRONG_INTEGRITY_MISSING",
          "location": "node_modules/imurmurhash"
        },
        {
          "code": "REGISTRY_ORIGIN_UNVERIFIED",
          "location": "node_modules/imurmurhash"
        },
        {
          "code": "STRONG_INTEGRITY_MISSING",
          "location": "node_modules/indent-string"
        },
        {
          "code": "REGISTRY_ORIGIN_UNVERIFIED",
          "location": "node_modules/indent-string"
        },
        {
          "code": "STRONG_INTEGRITY_MISSING",
          "location": "node_modules/inherits"
        },
        {
          "code": "REGISTRY_ORIGIN_UNVERIFIED",
          "location": "node_modules/inherits"
        },
        {
          "code": "STRONG_INTEGRITY_MISSING",
          "location": "node_modules/internal-slot"
        },
        {
          "code": "REGISTRY_ORIGIN_UNVERIFIED",
          "location": "node_modules/internal-slot"
        },
        {
          "code": "STRONG_INTEGRITY_MISSING",
          "location": "node_modules/is-array-buffer"
        },
        {
          "code": "REGISTRY_ORIGIN_UNVERIFIED",
          "location": "node_modules/is-array-buffer"
        },
        {
          "code": "STRONG_INTEGRITY_MISSING",
          "location": "node_modules/is-arrayish"
        },
        {
          "code": "REGISTRY_ORIGIN_UNVERIFIED",
          "location": "node_modules/is-arrayish"
        },
        {
          "code": "STRONG_INTEGRITY_MISSING",
          "location": "node_modules/is-async-function"
        },
        {
          "code": "REGISTRY_ORIGIN_UNVERIFIED",
          "location": "node_modules/is-async-function"
        },
        {
          "code": "STRONG_INTEGRITY_MISSING",
          "location": "node_modules/is-bigint"
        },
        {
          "code": "REGISTRY_ORIGIN_UNVERIFIED",
          "location": "node_modules/is-bigint"
        },
        {
          "code": "STRONG_INTEGRITY_MISSING",
          "location": "node_modules/is-boolean-object"
        },
        {
          "code": "REGISTRY_ORIGIN_UNVERIFIED",
          "location": "node_modules/is-boolean-object"
        },
        {
          "code": "STRONG_INTEGRITY_MISSING",
          "location": "node_modules/is-builtin-module"
        },
        {
          "code": "REGISTRY_ORIGIN_UNVERIFIED",
          "location": "node_modules/is-builtin-module"
        },
        {
          "code": "STRONG_INTEGRITY_MISSING",
          "location": "node_modules/is-callable"
        },
        {
          "code": "REGISTRY_ORIGIN_UNVERIFIED",
          "location": "node_modules/is-callable"
        },
        {
          "code": "STRONG_INTEGRITY_MISSING",
          "location": "node_modules/is-core-module"
        },
        {
          "code": "REGISTRY_ORIGIN_UNVERIFIED",
          "location": "node_modules/is-core-module"
        },
        {
          "code": "STRONG_INTEGRITY_MISSING",
          "location": "node_modules/is-data-view"
        },
        {
          "code": "REGISTRY_ORIGIN_UNVERIFIED",
          "location": "node_modules/is-data-view"
        },
        {
          "code": "STRONG_INTEGRITY_MISSING",
          "location": "node_modules/is-date-object"
        },
        {
          "code": "REGISTRY_ORIGIN_UNVERIFIED",
          "location": "node_modules/is-date-object"
        },
        {
          "code": "STRONG_INTEGRITY_MISSING",
          "location": "node_modules/is-extglob"
        },
        {
          "code": "REGISTRY_ORIGIN_UNVERIFIED",
          "location": "node_modules/is-extglob"
        },
        {
          "code": "STRONG_INTEGRITY_MISSING",
          "location": "node_modules/is-finalizationregistry"
        },
        {
          "code": "REGISTRY_ORIGIN_UNVERIFIED",
          "location": "node_modules/is-finalizationregistry"
        },
        {
          "code": "STRONG_INTEGRITY_MISSING",
          "location": "node_modules/is-fullwidth-code-point"
        },
        {
          "code": "REGISTRY_ORIGIN_UNVERIFIED",
          "location": "node_modules/is-fullwidth-code-point"
        },
        {
          "code": "STRONG_INTEGRITY_MISSING",
          "location": "node_modules/is-generator"
        },
        {
          "code": "REGISTRY_ORIGIN_UNVERIFIED",
          "location": "node_modules/is-generator"
        },
        {
          "code": "STRONG_INTEGRITY_MISSING",
          "location": "node_modules/is-generator-function"
        },
        {
          "code": "REGISTRY_ORIGIN_UNVERIFIED",
          "location": "node_modules/is-generator-function"
        },
        {
          "code": "STRONG_INTEGRITY_MISSING",
          "location": "node_modules/is-glob"
        },
        {
          "code": "REGISTRY_ORIGIN_UNVERIFIED",
          "location": "node_modules/is-glob"
        },
        {
          "code": "STRONG_INTEGRITY_MISSING",
          "location": "node_modules/is-map"
        },
        {
          "code": "REGISTRY_ORIGIN_UNVERIFIED",
          "location": "node_modules/is-map"
        },
        {
          "code": "STRONG_INTEGRITY_MISSING",
          "location": "node_modules/is-negative-zero"
        },
        {
          "code": "REGISTRY_ORIGIN_UNVERIFIED",
          "location": "node_modules/is-negative-zero"
        },
        {
          "code": "STRONG_INTEGRITY_MISSING",
          "location": "node_modules/is-number"
        },
        {
          "code": "REGISTRY_ORIGIN_UNVERIFIED",
          "location": "node_modules/is-number"
        },
        {
          "code": "STRONG_INTEGRITY_MISSING",
          "location": "node_modules/is-number-object"
        },
        {
          "code": "REGISTRY_ORIGIN_UNVERIFIED",
          "location": "node_modules/is-number-object"
        },
        {
          "code": "STRONG_INTEGRITY_MISSING",
          "location": "node_modules/is-promise"
        },
        {
          "code": "REGISTRY_ORIGIN_UNVERIFIED",
          "location": "node_modules/is-promise"
        },
        {
          "code": "STRONG_INTEGRITY_MISSING",
          "location": "node_modules/is-regex"
        },
        {
          "code": "REGISTRY_ORIGIN_UNVERIFIED",
          "location": "node_modules/is-regex"
        },
        {
          "code": "STRONG_INTEGRITY_MISSING",
          "location": "node_modules/is-set"
        },
        {
          "code": "REGISTRY_ORIGIN_UNVERIFIED",
          "location": "node_modules/is-set"
        },
        {
          "code": "STRONG_INTEGRITY_MISSING",
          "location": "node_modules/is-shared-array-buffer"
        },
        {
          "code": "REGISTRY_ORIGIN_UNVERIFIED",
          "location": "node_modules/is-shared-array-buffer"
        },
        {
          "code": "STRONG_INTEGRITY_MISSING",
          "location": "node_modules/is-stream"
        },
        {
          "code": "REGISTRY_ORIGIN_UNVERIFIED",
          "location": "node_modules/is-stream"
        },
        {
          "code": "STRONG_INTEGRITY_MISSING",
          "location": "node_modules/is-string"
        },
        {
          "code": "REGISTRY_ORIGIN_UNVERIFIED",
          "location": "node_modules/is-string"
        },
        {
          "code": "STRONG_INTEGRITY_MISSING",
          "location": "node_modules/is-symbol"
        },
        {
          "code": "REGISTRY_ORIGIN_UNVERIFIED",
          "location": "node_modules/is-symbol"
        },
        {
          "code": "STRONG_INTEGRITY_MISSING",
          "location": "node_modules/is-typed-array"
        },
        {
          "code": "REGISTRY_ORIGIN_UNVERIFIED",
          "location": "node_modules/is-typed-array"
        },
        {
          "code": "STRONG_INTEGRITY_MISSING",
          "location": "node_modules/is-unicode-supported"
        },
        {
          "code": "REGISTRY_ORIGIN_UNVERIFIED",
          "location": "node_modules/is-unicode-supported"
        },
        {
          "code": "STRONG_INTEGRITY_MISSING",
          "location": "node_modules/is-weakmap"
        },
        {
          "code": "REGISTRY_ORIGIN_UNVERIFIED",
          "location": "node_modules/is-weakmap"
        },
        {
          "code": "STRONG_INTEGRITY_MISSING",
          "location": "node_modules/is-weakref"
        },
        {
          "code": "REGISTRY_ORIGIN_UNVERIFIED",
          "location": "node_modules/is-weakref"
        },
        {
          "code": "STRONG_INTEGRITY_MISSING",
          "location": "node_modules/is-weakset"
        },
        {
          "code": "REGISTRY_ORIGIN_UNVERIFIED",
          "location": "node_modules/is-weakset"
        },
        {
          "code": "STRONG_INTEGRITY_MISSING",
          "location": "node_modules/isarray"
        },
        {
          "code": "REGISTRY_ORIGIN_UNVERIFIED",
          "location": "node_modules/isarray"
        },
        {
          "code": "STRONG_INTEGRITY_MISSING",
          "location": "node_modules/isexe"
        },
        {
          "code": "REGISTRY_ORIGIN_UNVERIFIED",
          "location": "node_modules/isexe"
        },
        {
          "code": "STRONG_INTEGRITY_MISSING",
          "location": "node_modules/iterator.prototype"
        },
        {
          "code": "REGISTRY_ORIGIN_UNVERIFIED",
          "location": "node_modules/iterator.prototype"
        },
        {
          "code": "STRONG_INTEGRITY_MISSING",
          "location": "node_modules/jackspeak"
        },
        {
          "code": "REGISTRY_ORIGIN_UNVERIFIED",
          "location": "node_modules/jackspeak"
        },
        {
          "code": "STRONG_INTEGRITY_MISSING",
          "location": "node_modules/js-tokens"
        },
        {
          "code": "REGISTRY_ORIGIN_UNVERIFIED",
          "location": "node_modules/js-tokens"
        },
        {
          "code": "STRONG_INTEGRITY_MISSING",
          "location": "node_modules/jsdoc-type-pratt-parser"
        },
        {
          "code": "REGISTRY_ORIGIN_UNVERIFIED",
          "location": "node_modules/jsdoc-type-pratt-parser"
        },
        {
          "code": "STRONG_INTEGRITY_MISSING",
          "location": "node_modules/jsesc"
        },
        {
          "code": "REGISTRY_ORIGIN_UNVERIFIED",
          "location": "node_modules/jsesc"
        },
        {
          "code": "STRONG_INTEGRITY_MISSING",
          "location": "node_modules/json-buffer"
        },
        {
          "code": "REGISTRY_ORIGIN_UNVERIFIED",
          "location": "node_modules/json-buffer"
        },
        {
          "code": "STRONG_INTEGRITY_MISSING",
          "location": "node_modules/json-schema-traverse"
        },
        {
          "code": "REGISTRY_ORIGIN_UNVERIFIED",
          "location": "node_modules/json-schema-traverse"
        },
        {
          "code": "STRONG_INTEGRITY_MISSING",
          "location": "node_modules/json-stable-stringify-without-jsonify"
        },
        {
          "code": "REGISTRY_ORIGIN_UNVERIFIED",
          "location": "node_modules/json-stable-stringify-without-jsonify"
        },
        {
          "code": "STRONG_INTEGRITY_MISSING",
          "location": "node_modules/json5"
        },
        {
          "code": "REGISTRY_ORIGIN_UNVERIFIED",
          "location": "node_modules/json5"
        },
        {
          "code": "STRONG_INTEGRITY_MISSING",
          "location": "node_modules/jsonfile"
        },
        {
          "code": "REGISTRY_ORIGIN_UNVERIFIED",
          "location": "node_modules/jsonfile"
        },
        {
          "code": "STRONG_INTEGRITY_MISSING",
          "location": "node_modules/jsx-ast-utils"
        },
        {
          "code": "REGISTRY_ORIGIN_UNVERIFIED",
          "location": "node_modules/jsx-ast-utils"
        },
        {
          "code": "STRONG_INTEGRITY_MISSING",
          "location": "node_modules/keyv"
        },
        {
          "code": "REGISTRY_ORIGIN_UNVERIFIED",
          "location": "node_modules/keyv"
        },
        {
          "code": "STRONG_INTEGRITY_MISSING",
          "location": "node_modules/less/node_modules/make-dir"
        },
        {
          "code": "REGISTRY_ORIGIN_UNVERIFIED",
          "location": "node_modules/less/node_modules/make-dir"
        },
        {
          "code": "STRONG_INTEGRITY_MISSING",
          "location": "node_modules/less/node_modules/mime"
        },
        {
          "code": "REGISTRY_ORIGIN_UNVERIFIED",
          "location": "node_modules/less/node_modules/mime"
        },
        {
          "code": "STRONG_INTEGRITY_MISSING",
          "location": "node_modules/less/node_modules/pify"
        },
        {
          "code": "REGISTRY_ORIGIN_UNVERIFIED",
          "location": "node_modules/less/node_modules/pify"
        },
        {
          "code": "STRONG_INTEGRITY_MISSING",
          "location": "node_modules/less/node_modules/semver"
        },
        {
          "code": "REGISTRY_ORIGIN_UNVERIFIED",
          "location": "node_modules/less/node_modules/semver"
        },
        {
          "code": "STRONG_INTEGRITY_MISSING",
          "location": "node_modules/levn"
        },
        {
          "code": "REGISTRY_ORIGIN_UNVERIFIED",
          "location": "node_modules/levn"
        },
        {
          "code": "STRONG_INTEGRITY_MISSING",
          "location": "node_modules/locate-path"
        },
        {
          "code": "REGISTRY_ORIGIN_UNVERIFIED",
          "location": "node_modules/locate-path"
        },
        {
          "code": "STRONG_INTEGRITY_MISSING",
          "location": "node_modules/lodash.camelcase"
        },
        {
          "code": "REGISTRY_ORIGIN_UNVERIFIED",
          "location": "node_modules/lodash.camelcase"
        },
        {
          "code": "STRONG_INTEGRITY_MISSING",
          "location": "node_modules/lodash.get"
        },
        {
          "code": "REGISTRY_ORIGIN_UNVERIFIED",
          "location": "node_modules/lodash.get"
        },
        {
          "code": "STRONG_INTEGRITY_MISSING",
          "location": "node_modules/lodash.merge"
        },
        {
          "code": "REGISTRY_ORIGIN_UNVERIFIED",
          "location": "node_modules/lodash.merge"
        },
        {
          "code": "STRONG_INTEGRITY_MISSING",
          "location": "node_modules/log-symbols"
        },
        {
          "code": "REGISTRY_ORIGIN_UNVERIFIED",
          "location": "node_modules/log-symbols"
        },
        {
          "code": "STRONG_INTEGRITY_MISSING",
          "location": "node_modules/long"
        },
        {
          "code": "REGISTRY_ORIGIN_UNVERIFIED",
          "location": "node_modules/long"
        },
        {
          "code": "STRONG_INTEGRITY_MISSING",
          "location": "node_modules/loose-envify"
        },
        {
          "code": "REGISTRY_ORIGIN_UNVERIFIED",
          "location": "node_modules/loose-envify"
        },
        {
          "code": "STRONG_INTEGRITY_MISSING",
          "location": "node_modules/loupe"
        },
        {
          "code": "REGISTRY_ORIGIN_UNVERIFIED",
          "location": "node_modules/loupe"
        },
        {
          "code": "STRONG_INTEGRITY_MISSING",
          "location": "node_modules/lru-cache"
        },
        {
          "code": "REGISTRY_ORIGIN_UNVERIFIED",
          "location": "node_modules/lru-cache"
        },
        {
          "code": "STRONG_INTEGRITY_MISSING",
          "location": "node_modules/math-intrinsics"
        },
        {
          "code": "REGISTRY_ORIGIN_UNVERIFIED",
          "location": "node_modules/math-intrinsics"
        },
        {
          "code": "STRONG_INTEGRITY_MISSING",
          "location": "node_modules/media-typer"
        },
        {
          "code": "REGISTRY_ORIGIN_UNVERIFIED",
          "location": "node_modules/media-typer"
        },
        {
          "code": "STRONG_INTEGRITY_MISSING",
          "location": "node_modules/merge-descriptors"
        },
        {
          "code": "REGISTRY_ORIGIN_UNVERIFIED",
          "location": "node_modules/merge-descriptors"
        },
        {
          "code": "STRONG_INTEGRITY_MISSING",
          "location": "node_modules/merge2"
        },
        {
          "code": "REGISTRY_ORIGIN_UNVERIFIED",
          "location": "node_modules/merge2"
        },
        {
          "code": "STRONG_INTEGRITY_MISSING",
          "location": "node_modules/micromatch"
        },
        {
          "code": "REGISTRY_ORIGIN_UNVERIFIED",
          "location": "node_modules/micromatch"
        },
        {
          "code": "STRONG_INTEGRITY_MISSING",
          "location": "node_modules/mime"
        },
        {
          "code": "REGISTRY_ORIGIN_UNVERIFIED",
          "location": "node_modules/mime"
        },
        {
          "code": "STRONG_INTEGRITY_MISSING",
          "location": "node_modules/mime-db"
        },
        {
          "code": "REGISTRY_ORIGIN_UNVERIFIED",
          "location": "node_modules/mime-db"
        },
        {
          "code": "STRONG_INTEGRITY_MISSING",
          "location": "node_modules/mime-types"
        },
        {
          "code": "REGISTRY_ORIGIN_UNVERIFIED",
          "location": "node_modules/mime-types"
        },
        {
          "code": "STRONG_INTEGRITY_MISSING",
          "location": "node_modules/mime-types/node_modules/mime-db"
        },
        {
          "code": "REGISTRY_ORIGIN_UNVERIFIED",
          "location": "node_modules/mime-types/node_modules/mime-db"
        },
        {
          "code": "STRONG_INTEGRITY_MISSING",
          "location": "node_modules/minimatch"
        },
        {
          "code": "REGISTRY_ORIGIN_UNVERIFIED",
          "location": "node_modules/minimatch"
        },
        {
          "code": "STRONG_INTEGRITY_MISSING",
          "location": "node_modules/minimist"
        },
        {
          "code": "REGISTRY_ORIGIN_UNVERIFIED",
          "location": "node_modules/minimist"
        },
        {
          "code": "STRONG_INTEGRITY_MISSING",
          "location": "node_modules/minipass"
        },
        {
          "code": "REGISTRY_ORIGIN_UNVERIFIED",
          "location": "node_modules/minipass"
        },
        {
          "code": "STRONG_INTEGRITY_MISSING",
          "location": "node_modules/mkdirp-classic"
        },
        {
          "code": "REGISTRY_ORIGIN_UNVERIFIED",
          "location": "node_modules/mkdirp-classic"
        },
        {
          "code": "STRONG_INTEGRITY_MISSING",
          "location": "node_modules/mocha/node_modules/minimatch"
        },
        {
          "code": "REGISTRY_ORIGIN_UNVERIFIED",
          "location": "node_modules/mocha/node_modules/minimatch"
        },
        {
          "code": "STRONG_INTEGRITY_MISSING",
          "location": "node_modules/mocha/node_modules/picocolors"
        },
        {
          "code": "REGISTRY_ORIGIN_UNVERIFIED",
          "location": "node_modules/mocha/node_modules/picocolors"
        },
        {
          "code": "STRONG_INTEGRITY_MISSING",
          "location": "node_modules/mocha/node_modules/supports-color"
        },
        {
          "code": "REGISTRY_ORIGIN_UNVERIFIED",
          "location": "node_modules/mocha/node_modules/supports-color"
        },
        {
          "code": "STRONG_INTEGRITY_MISSING",
          "location": "node_modules/ms"
        },
        {
          "code": "REGISTRY_ORIGIN_UNVERIFIED",
          "location": "node_modules/ms"
        },
        {
          "code": "STRONG_INTEGRITY_MISSING",
          "location": "node_modules/nan"
        },
        {
          "code": "REGISTRY_ORIGIN_UNVERIFIED",
          "location": "node_modules/nan"
        },
        {
          "code": "STRONG_INTEGRITY_MISSING",
          "location": "node_modules/natural-compare"
        },
        {
          "code": "REGISTRY_ORIGIN_UNVERIFIED",
          "location": "node_modules/natural-compare"
        },
        {
          "code": "STRONG_INTEGRITY_MISSING",
          "location": "node_modules/needle"
        },
        {
          "code": "REGISTRY_ORIGIN_UNVERIFIED",
          "location": "node_modules/needle"
        },
        {
          "code": "STRONG_INTEGRITY_MISSING",
          "location": "node_modules/negotiator"
        },
        {
          "code": "REGISTRY_ORIGIN_UNVERIFIED",
          "location": "node_modules/negotiator"
        },
        {
          "code": "STRONG_INTEGRITY_MISSING",
          "location": "node_modules/node-releases"
        },
        {
          "code": "REGISTRY_ORIGIN_UNVERIFIED",
          "location": "node_modules/node-releases"
        },
        {
          "code": "STRONG_INTEGRITY_MISSING",
          "location": "node_modules/oauth2-server"
        },
        {
          "code": "REGISTRY_ORIGIN_UNVERIFIED",
          "location": "node_modules/oauth2-server"
        },
        {
          "code": "STRONG_INTEGRITY_MISSING",
          "location": "node_modules/oauth2-server/node_modules/lodash"
        },
        {
          "code": "REGISTRY_ORIGIN_UNVERIFIED",
          "location": "node_modules/oauth2-server/node_modules/lodash"
        },
        {
          "code": "STRONG_INTEGRITY_MISSING",
          "location": "node_modules/oauth2-server/node_modules/media-typer"
        },
        {
          "code": "REGISTRY_ORIGIN_UNVERIFIED",
          "location": "node_modules/oauth2-server/node_modules/media-typer"
        },
        {
          "code": "STRONG_INTEGRITY_MISSING",
          "location": "node_modules/oauth2-server/node_modules/statuses"
        },
        {
          "code": "REGISTRY_ORIGIN_UNVERIFIED",
          "location": "node_modules/oauth2-server/node_modules/statuses"
        },
        {
          "code": "STRONG_INTEGRITY_MISSING",
          "location": "node_modules/oauth2-server/node_modules/type-is"
        },
        {
          "code": "REGISTRY_ORIGIN_UNVERIFIED",
          "location": "node_modules/oauth2-server/node_modules/type-is"
        },
        {
          "code": "STRONG_INTEGRITY_MISSING",
          "location": "node_modules/object-assign"
        },
        {
          "code": "REGISTRY_ORIGIN_UNVERIFIED",
          "location": "node_modules/object-assign"
        },
        {
          "code": "STRONG_INTEGRITY_MISSING",
          "location": "node_modules/object-inspect"
        },
        {
          "code": "REGISTRY_ORIGIN_UNVERIFIED",
          "location": "node_modules/object-inspect"
        },
        {
          "code": "STRONG_INTEGRITY_MISSING",
          "location": "node_modules/object-keys"
        },
        {
          "code": "REGISTRY_ORIGIN_UNVERIFIED",
          "location": "node_modules/object-keys"
        },
        {
          "code": "STRONG_INTEGRITY_MISSING",
          "location": "node_modules/object.assign"
        },
        {
          "code": "REGISTRY_ORIGIN_UNVERIFIED",
          "location": "node_modules/object.assign"
        },
        {
          "code": "STRONG_INTEGRITY_MISSING",
          "location": "node_modules/object.entries"
        },
        {
          "code": "REGISTRY_ORIGIN_UNVERIFIED",
          "location": "node_modules/object.entries"
        },
        {
          "code": "STRONG_INTEGRITY_MISSING",
          "location": "node_modules/object.fromentries"
        },
        {
          "code": "REGISTRY_ORIGIN_UNVERIFIED",
          "location": "node_modules/object.fromentries"
        },
        {
          "code": "STRONG_INTEGRITY_MISSING",
          "location": "node_modules/object.groupby"
        },
        {
          "code": "REGISTRY_ORIGIN_UNVERIFIED",
          "location": "node_modules/object.groupby"
        },
        {
          "code": "STRONG_INTEGRITY_MISSING",
          "location": "node_modules/object.values"
        },
        {
          "code": "REGISTRY_ORIGIN_UNVERIFIED",
          "location": "node_modules/object.values"
        },
        {
          "code": "STRONG_INTEGRITY_MISSING",
          "location": "node_modules/on-finished"
        },
        {
          "code": "REGISTRY_ORIGIN_UNVERIFIED",
          "location": "node_modules/on-finished"
        },
        {
          "code": "STRONG_INTEGRITY_MISSING",
          "location": "node_modules/on-headers"
        },
        {
          "code": "REGISTRY_ORIGIN_UNVERIFIED",
          "location": "node_modules/on-headers"
        },
        {
          "code": "STRONG_INTEGRITY_MISSING",
          "location": "node_modules/once"
        },
        {
          "code": "REGISTRY_ORIGIN_UNVERIFIED",
          "location": "node_modules/once"
        },
        {
          "code": "STRONG_INTEGRITY_MISSING",
          "location": "node_modules/optionator"
        },
        {
          "code": "REGISTRY_ORIGIN_UNVERIFIED",
          "location": "node_modules/optionator"
        },
        {
          "code": "STRONG_INTEGRITY_MISSING",
          "location": "node_modules/own-keys"
        },
        {
          "code": "REGISTRY_ORIGIN_UNVERIFIED",
          "location": "node_modules/own-keys"
        },
        {
          "code": "STRONG_INTEGRITY_MISSING",
          "location": "node_modules/p-limit"
        },
        {
          "code": "REGISTRY_ORIGIN_UNVERIFIED",
          "location": "node_modules/p-limit"
        },
        {
          "code": "STRONG_INTEGRITY_MISSING",
          "location": "node_modules/p-locate"
        },
        {
          "code": "REGISTRY_ORIGIN_UNVERIFIED",
          "location": "node_modules/p-locate"
        },
        {
          "code": "STRONG_INTEGRITY_MISSING",
          "location": "node_modules/package-json-from-dist"
        },
        {
          "code": "REGISTRY_ORIGIN_UNVERIFIED",
          "location": "node_modules/package-json-from-dist"
        },
        {
          "code": "STRONG_INTEGRITY_MISSING",
          "location": "node_modules/parent-module"
        },
        {
          "code": "REGISTRY_ORIGIN_UNVERIFIED",
          "location": "node_modules/parent-module"
        },
        {
          "code": "STRONG_INTEGRITY_MISSING",
          "location": "node_modules/parse-imports-exports"
        },
        {
          "code": "REGISTRY_ORIGIN_UNVERIFIED",
          "location": "node_modules/parse-imports-exports"
        },
        {
          "code": "STRONG_INTEGRITY_MISSING",
          "location": "node_modules/parse-json"
        },
        {
          "code": "REGISTRY_ORIGIN_UNVERIFIED",
          "location": "node_modules/parse-json"
        },
        {
          "code": "STRONG_INTEGRITY_MISSING",
          "location": "node_modules/parse-json/node_modules/json-parse-even-better-errors"
        },
        {
          "code": "REGISTRY_ORIGIN_UNVERIFIED",
          "location": "node_modules/parse-json/node_modules/json-parse-even-better-errors"
        },
        {
          "code": "STRONG_INTEGRITY_MISSING",
          "location": "node_modules/parse-json/node_modules/lines-and-columns"
        },
        {
          "code": "REGISTRY_ORIGIN_UNVERIFIED",
          "location": "node_modules/parse-json/node_modules/lines-and-columns"
        },
        {
          "code": "STRONG_INTEGRITY_MISSING",
          "location": "node_modules/parse-node-version"
        },
        {
          "code": "REGISTRY_ORIGIN_UNVERIFIED",
          "location": "node_modules/parse-node-version"
        },
        {
          "code": "STRONG_INTEGRITY_MISSING",
          "location": "node_modules/parse-statements"
        },
        {
          "code": "REGISTRY_ORIGIN_UNVERIFIED",
          "location": "node_modules/parse-statements"
        },
        {
          "code": "STRONG_INTEGRITY_MISSING",
          "location": "node_modules/parseurl"
        },
        {
          "code": "REGISTRY_ORIGIN_UNVERIFIED",
          "location": "node_modules/parseurl"
        },
        {
          "code": "STRONG_INTEGRITY_MISSING",
          "location": "node_modules/passport"
        },
        {
          "code": "REGISTRY_ORIGIN_UNVERIFIED",
          "location": "node_modules/passport"
        },
        {
          "code": "STRONG_INTEGRITY_MISSING",
          "location": "node_modules/passport-strategy"
        },
        {
          "code": "REGISTRY_ORIGIN_UNVERIFIED",
          "location": "node_modules/passport-strategy"
        },
        {
          "code": "STRONG_INTEGRITY_MISSING",
          "location": "node_modules/path-exists"
        },
        {
          "code": "REGISTRY_ORIGIN_UNVERIFIED",
          "location": "node_modules/path-exists"
        },
        {
          "code": "STRONG_INTEGRITY_MISSING",
          "location": "node_modules/path-key"
        },
        {
          "code": "REGISTRY_ORIGIN_UNVERIFIED",
          "location": "node_modules/path-key"
        },
        {
          "code": "STRONG_INTEGRITY_MISSING",
          "location": "node_modules/path-parse"
        },
        {
          "code": "REGISTRY_ORIGIN_UNVERIFIED",
          "location": "node_modules/path-parse"
        },
        {
          "code": "STRONG_INTEGRITY_MISSING",
          "location": "node_modules/path-scurry"
        },
        {
          "code": "REGISTRY_ORIGIN_UNVERIFIED",
          "location": "node_modules/path-scurry"
        },
        {
          "code": "STRONG_INTEGRITY_MISSING",
          "location": "node_modules/pathval"
        },
        {
          "code": "REGISTRY_ORIGIN_UNVERIFIED",
          "location": "node_modules/pathval"
        },
        {
          "code": "STRONG_INTEGRITY_MISSING",
          "location": "node_modules/pause"
        },
        {
          "code": "REGISTRY_ORIGIN_UNVERIFIED",
          "location": "node_modules/pause"
        },
        {
          "code": "STRONG_INTEGRITY_MISSING",
          "location": "node_modules/picocolors"
        },
        {
          "code": "REGISTRY_ORIGIN_UNVERIFIED",
          "location": "node_modules/picocolors"
        },
        {
          "code": "STRONG_INTEGRITY_MISSING",
          "location": "node_modules/pluralize"
        },
        {
          "code": "REGISTRY_ORIGIN_UNVERIFIED",
          "location": "node_modules/pluralize"
        },
        {
          "code": "STRONG_INTEGRITY_MISSING",
          "location": "node_modules/possible-typed-array-names"
        },
        {
          "code": "REGISTRY_ORIGIN_UNVERIFIED",
          "location": "node_modules/possible-typed-array-names"
        },
        {
          "code": "STRONG_INTEGRITY_MISSING",
          "location": "node_modules/prelude-ls"
        },
        {
          "code": "REGISTRY_ORIGIN_UNVERIFIED",
          "location": "node_modules/prelude-ls"
        },
        {
          "code": "STRONG_INTEGRITY_MISSING",
          "location": "node_modules/prettier"
        },
        {
          "code": "REGISTRY_ORIGIN_UNVERIFIED",
          "location": "node_modules/prettier"
        },
        {
          "code": "STRONG_INTEGRITY_MISSING",
          "location": "node_modules/prettier-linter-helpers"
        },
        {
          "code": "REGISTRY_ORIGIN_UNVERIFIED",
          "location": "node_modules/prettier-linter-helpers"
        },
        {
          "code": "STRONG_INTEGRITY_MISSING",
          "location": "node_modules/promisify-any"
        },
        {
          "code": "REGISTRY_ORIGIN_UNVERIFIED",
          "location": "node_modules/promisify-any"
        },
        {
          "code": "STRONG_INTEGRITY_MISSING",
          "location": "node_modules/promisify-any/node_modules/bluebird"
        },
        {
          "code": "REGISTRY_ORIGIN_UNVERIFIED",
          "location": "node_modules/promisify-any/node_modules/bluebird"
        },
        {
          "code": "STRONG_INTEGRITY_MISSING",
          "location": "node_modules/prop-types"
        },
        {
          "code": "REGISTRY_ORIGIN_UNVERIFIED",
          "location": "node_modules/prop-types"
        },
        {
          "code": "STRONG_INTEGRITY_MISSING",
          "location": "node_modules/prop-types/node_modules/react-is"
        },
        {
          "code": "REGISTRY_ORIGIN_UNVERIFIED",
          "location": "node_modules/prop-types/node_modules/react-is"
        },
        {
          "code": "STRONG_INTEGRITY_MISSING",
          "location": "node_modules/protobufjs"
        },
        {
          "code": "REGISTRY_ORIGIN_UNVERIFIED",
          "location": "node_modules/protobufjs"
        },
        {
          "code": "STRONG_INTEGRITY_MISSING",
          "location": "node_modules/proxy-addr"
        },
        {
          "code": "REGISTRY_ORIGIN_UNVERIFIED",
          "location": "node_modules/proxy-addr"
        },
        {
          "code": "STRONG_INTEGRITY_MISSING",
          "location": "node_modules/proxy-addr/node_modules/ipaddr.js"
        },
        {
          "code": "REGISTRY_ORIGIN_UNVERIFIED",
          "location": "node_modules/proxy-addr/node_modules/ipaddr.js"
        },
        {
          "code": "STRONG_INTEGRITY_MISSING",
          "location": "node_modules/prr"
        },
        {
          "code": "REGISTRY_ORIGIN_UNVERIFIED",
          "location": "node_modules/prr"
        },
        {
          "code": "STRONG_INTEGRITY_MISSING",
          "location": "node_modules/pump"
        },
        {
          "code": "REGISTRY_ORIGIN_UNVERIFIED",
          "location": "node_modules/pump"
        },
        {
          "code": "STRONG_INTEGRITY_MISSING",
          "location": "node_modules/punycode"
        },
        {
          "code": "REGISTRY_ORIGIN_UNVERIFIED",
          "location": "node_modules/punycode"
        },
        {
          "code": "STRONG_INTEGRITY_MISSING",
          "location": "node_modules/puppeteer/node_modules/cosmiconfig"
        },
        {
          "code": "REGISTRY_ORIGIN_UNVERIFIED",
          "location": "node_modules/puppeteer/node_modules/cosmiconfig"
        },
        {
          "code": "STRONG_INTEGRITY_MISSING",
          "location": "node_modules/queue-microtask"
        },
        {
          "code": "REGISTRY_ORIGIN_UNVERIFIED",
          "location": "node_modules/queue-microtask"
        },
        {
          "code": "STRONG_INTEGRITY_MISSING",
          "location": "node_modules/random-bytes"
        },
        {
          "code": "REGISTRY_ORIGIN_UNVERIFIED",
          "location": "node_modules/random-bytes"
        },
        {
          "code": "STRONG_INTEGRITY_MISSING",
          "location": "node_modules/randombytes"
        },
        {
          "code": "REGISTRY_ORIGIN_UNVERIFIED",
          "location": "node_modules/randombytes"
        },
        {
          "code": "STRONG_INTEGRITY_MISSING",
          "location": "node_modules/range-parser"
        },
        {
          "code": "REGISTRY_ORIGIN_UNVERIFIED",
          "location": "node_modules/range-parser"
        },
        {
          "code": "STRONG_INTEGRITY_MISSING",
          "location": "node_modules/readdirp"
        },
        {
          "code": "REGISTRY_ORIGIN_UNVERIFIED",
          "location": "node_modules/readdirp"
        },
        {
          "code": "STRONG_INTEGRITY_MISSING",
          "location": "node_modules/reflect.getprototypeof"
        },
        {
          "code": "REGISTRY_ORIGIN_UNVERIFIED",
          "location": "node_modules/reflect.getprototypeof"
        },
        {
          "code": "STRONG_INTEGRITY_MISSING",
          "location": "node_modules/regexp-tree"
        },
        {
          "code": "REGISTRY_ORIGIN_UNVERIFIED",
          "location": "node_modules/regexp-tree"
        },
        {
          "code": "STRONG_INTEGRITY_MISSING",
          "location": "node_modules/regexp.prototype.flags"
        },
        {
          "code": "REGISTRY_ORIGIN_UNVERIFIED",
          "location": "node_modules/regexp.prototype.flags"
        },
        {
          "code": "STRONG_INTEGRITY_MISSING",
          "location": "node_modules/regjsparser"
        },
        {
          "code": "REGISTRY_ORIGIN_UNVERIFIED",
          "location": "node_modules/regjsparser"
        },
        {
          "code": "STRONG_INTEGRITY_MISSING",
          "location": "node_modules/regjsparser/node_modules/jsesc"
        },
        {
          "code": "REGISTRY_ORIGIN_UNVERIFIED",
          "location": "node_modules/regjsparser/node_modules/jsesc"
        },
        {
          "code": "STRONG_INTEGRITY_MISSING",
          "location": "node_modules/require-directory"
        },
        {
          "code": "REGISTRY_ORIGIN_UNVERIFIED",
          "location": "node_modules/require-directory"
        },
        {
          "code": "STRONG_INTEGRITY_MISSING",
          "location": "node_modules/require-from-string"
        },
        {
          "code": "REGISTRY_ORIGIN_UNVERIFIED",
          "location": "node_modules/require-from-string"
        },
        {
          "code": "STRONG_INTEGRITY_MISSING",
          "location": "node_modules/resolve"
        },
        {
          "code": "REGISTRY_ORIGIN_UNVERIFIED",
          "location": "node_modules/resolve"
        },
        {
          "code": "STRONG_INTEGRITY_MISSING",
          "location": "node_modules/resolve-from"
        },
        {
          "code": "REGISTRY_ORIGIN_UNVERIFIED",
          "location": "node_modules/resolve-from"
        },
        {
          "code": "STRONG_INTEGRITY_MISSING",
          "location": "node_modules/reusify"
        },
        {
          "code": "REGISTRY_ORIGIN_UNVERIFIED",
          "location": "node_modules/reusify"
        },
        {
          "code": "STRONG_INTEGRITY_MISSING",
          "location": "node_modules/router"
        },
        {
          "code": "REGISTRY_ORIGIN_UNVERIFIED",
          "location": "node_modules/router"
        },
        {
          "code": "STRONG_INTEGRITY_MISSING",
          "location": "node_modules/run-parallel"
        },
        {
          "code": "REGISTRY_ORIGIN_UNVERIFIED",
          "location": "node_modules/run-parallel"
        },
        {
          "code": "STRONG_INTEGRITY_MISSING",
          "location": "node_modules/safe-array-concat"
        },
        {
          "code": "REGISTRY_ORIGIN_UNVERIFIED",
          "location": "node_modules/safe-array-concat"
        },
        {
          "code": "STRONG_INTEGRITY_MISSING",
          "location": "node_modules/safe-buffer"
        },
        {
          "code": "REGISTRY_ORIGIN_UNVERIFIED",
          "location": "node_modules/safe-buffer"
        },
        {
          "code": "STRONG_INTEGRITY_MISSING",
          "location": "node_modules/safe-push-apply"
        },
        {
          "code": "REGISTRY_ORIGIN_UNVERIFIED",
          "location": "node_modules/safe-push-apply"
        },
        {
          "code": "STRONG_INTEGRITY_MISSING",
          "location": "node_modules/safe-regex-test"
        },
        {
          "code": "REGISTRY_ORIGIN_UNVERIFIED",
          "location": "node_modules/safe-regex-test"
        },
        {
          "code": "STRONG_INTEGRITY_MISSING",
          "location": "node_modules/safer-buffer"
        },
        {
          "code": "REGISTRY_ORIGIN_UNVERIFIED",
          "location": "node_modules/safer-buffer"
        },
        {
          "code": "STRONG_INTEGRITY_MISSING",
          "location": "node_modules/sax"
        },
        {
          "code": "REGISTRY_ORIGIN_UNVERIFIED",
          "location": "node_modules/sax"
        },
        {
          "code": "STRONG_INTEGRITY_MISSING",
          "location": "node_modules/send"
        },
        {
          "code": "REGISTRY_ORIGIN_UNVERIFIED",
          "location": "node_modules/send"
        },
        {
          "code": "STRONG_INTEGRITY_MISSING",
          "location": "node_modules/send/node_modules/mime-types"
        },
        {
          "code": "REGISTRY_ORIGIN_UNVERIFIED",
          "location": "node_modules/send/node_modules/mime-types"
        },
        {
          "code": "STRONG_INTEGRITY_MISSING",
          "location": "node_modules/serialize-javascript"
        },
        {
          "code": "REGISTRY_ORIGIN_UNVERIFIED",
          "location": "node_modules/serialize-javascript"
        },
        {
          "code": "STRONG_INTEGRITY_MISSING",
          "location": "node_modules/serve-static"
        },
        {
          "code": "REGISTRY_ORIGIN_UNVERIFIED",
          "location": "node_modules/serve-static"
        },
        {
          "code": "STRONG_INTEGRITY_MISSING",
          "location": "node_modules/set-function-length"
        },
        {
          "code": "REGISTRY_ORIGIN_UNVERIFIED",
          "location": "node_modules/set-function-length"
        },
        {
          "code": "STRONG_INTEGRITY_MISSING",
          "location": "node_modules/set-function-name"
        },
        {
          "code": "REGISTRY_ORIGIN_UNVERIFIED",
          "location": "node_modules/set-function-name"
        },
        {
          "code": "STRONG_INTEGRITY_MISSING",
          "location": "node_modules/set-proto"
        },
        {
          "code": "REGISTRY_ORIGIN_UNVERIFIED",
          "location": "node_modules/set-proto"
        },
        {
          "code": "STRONG_INTEGRITY_MISSING",
          "location": "node_modules/setprototypeof"
        },
        {
          "code": "REGISTRY_ORIGIN_UNVERIFIED",
          "location": "node_modules/setprototypeof"
        },
        {
          "code": "STRONG_INTEGRITY_MISSING",
          "location": "node_modules/shebang-command"
        },
        {
          "code": "REGISTRY_ORIGIN_UNVERIFIED",
          "location": "node_modules/shebang-command"
        },
        {
          "code": "STRONG_INTEGRITY_MISSING",
          "location": "node_modules/shebang-regex"
        },
        {
          "code": "REGISTRY_ORIGIN_UNVERIFIED",
          "location": "node_modules/shebang-regex"
        },
        {
          "code": "STRONG_INTEGRITY_MISSING",
          "location": "node_modules/side-channel"
        },
        {
          "code": "REGISTRY_ORIGIN_UNVERIFIED",
          "location": "node_modules/side-channel"
        },
        {
          "code": "STRONG_INTEGRITY_MISSING",
          "location": "node_modules/side-channel-list"
        },
        {
          "code": "REGISTRY_ORIGIN_UNVERIFIED",
          "location": "node_modules/side-channel-list"
        },
        {
          "code": "STRONG_INTEGRITY_MISSING",
          "location": "node_modules/side-channel-map"
        },
        {
          "code": "REGISTRY_ORIGIN_UNVERIFIED",
          "location": "node_modules/side-channel-map"
        },
        {
          "code": "STRONG_INTEGRITY_MISSING",
          "location": "node_modules/side-channel-weakmap"
        },
        {
          "code": "REGISTRY_ORIGIN_UNVERIFIED",
          "location": "node_modules/side-channel-weakmap"
        },
        {
          "code": "STRONG_INTEGRITY_MISSING",
          "location": "node_modules/sinon"
        },
        {
          "code": "REGISTRY_ORIGIN_UNVERIFIED",
          "location": "node_modules/sinon"
        },
        {
          "code": "STRONG_INTEGRITY_MISSING",
          "location": "node_modules/sinon-chai"
        },
        {
          "code": "REGISTRY_ORIGIN_UNVERIFIED",
          "location": "node_modules/sinon-chai"
        },
        {
          "code": "STRONG_INTEGRITY_MISSING",
          "location": "node_modules/source-map-support"
        },
        {
          "code": "REGISTRY_ORIGIN_UNVERIFIED",
          "location": "node_modules/source-map-support"
        },
        {
          "code": "STRONG_INTEGRITY_MISSING",
          "location": "node_modules/spdx-exceptions"
        },
        {
          "code": "REGISTRY_ORIGIN_UNVERIFIED",
          "location": "node_modules/spdx-exceptions"
        },
        {
          "code": "STRONG_INTEGRITY_MISSING",
          "location": "node_modules/spdx-expression-parse"
        },
        {
          "code": "REGISTRY_ORIGIN_UNVERIFIED",
          "location": "node_modules/spdx-expression-parse"
        },
        {
          "code": "STRONG_INTEGRITY_MISSING",
          "location": "node_modules/spdx-license-ids"
        },
        {
          "code": "REGISTRY_ORIGIN_UNVERIFIED",
          "location": "node_modules/spdx-license-ids"
        },
        {
          "code": "STRONG_INTEGRITY_MISSING",
          "location": "node_modules/split-ca"
        },
        {
          "code": "REGISTRY_ORIGIN_UNVERIFIED",
          "location": "node_modules/split-ca"
        },
        {
          "code": "STRONG_INTEGRITY_MISSING",
          "location": "node_modules/ssh2"
        },
        {
          "code": "REGISTRY_ORIGIN_UNVERIFIED",
          "location": "node_modules/ssh2"
        },
        {
          "code": "STRONG_INTEGRITY_MISSING",
          "location": "node_modules/stop-iteration-iterator"
        },
        {
          "code": "REGISTRY_ORIGIN_UNVERIFIED",
          "location": "node_modules/stop-iteration-iterator"
        },
        {
          "code": "STRONG_INTEGRITY_MISSING",
          "location": "node_modules/streamsearch"
        },
        {
          "code": "REGISTRY_ORIGIN_UNVERIFIED",
          "location": "node_modules/streamsearch"
        },
        {
          "code": "STRONG_INTEGRITY_MISSING",
          "location": "node_modules/string_decoder"
        },
        {
          "code": "REGISTRY_ORIGIN_UNVERIFIED",
          "location": "node_modules/string_decoder"
        },
        {
          "code": "STRONG_INTEGRITY_MISSING",
          "location": "node_modules/string-width"
        },
        {
          "code": "REGISTRY_ORIGIN_UNVERIFIED",
          "location": "node_modules/string-width"
        },
        {
          "code": "STRONG_INTEGRITY_MISSING",
          "location": "node_modules/string-width-cjs"
        },
        {
          "code": "REGISTRY_ORIGIN_UNVERIFIED",
          "location": "node_modules/string-width-cjs"
        },
        {
          "code": "STRONG_INTEGRITY_MISSING",
          "location": "node_modules/string-width-cjs/node_modules/emoji-regex"
        },
        {
          "code": "REGISTRY_ORIGIN_UNVERIFIED",
          "location": "node_modules/string-width-cjs/node_modules/emoji-regex"
        },
        {
          "code": "STRONG_INTEGRITY_MISSING",
          "location": "node_modules/string-width/node_modules/ansi-regex"
        },
        {
          "code": "REGISTRY_ORIGIN_UNVERIFIED",
          "location": "node_modules/string-width/node_modules/ansi-regex"
        },
        {
          "code": "STRONG_INTEGRITY_MISSING",
          "location": "node_modules/string-width/node_modules/strip-ansi"
        },
        {
          "code": "REGISTRY_ORIGIN_UNVERIFIED",
          "location": "node_modules/string-width/node_modules/strip-ansi"
        },
        {
          "code": "STRONG_INTEGRITY_MISSING",
          "location": "node_modules/string.prototype.matchall"
        },
        {
          "code": "REGISTRY_ORIGIN_UNVERIFIED",
          "location": "node_modules/string.prototype.matchall"
        },
        {
          "code": "STRONG_INTEGRITY_MISSING",
          "location": "node_modules/string.prototype.repeat"
        },
        {
          "code": "REGISTRY_ORIGIN_UNVERIFIED",
          "location": "node_modules/string.prototype.repeat"
        },
        {
          "code": "STRONG_INTEGRITY_MISSING",
          "location": "node_modules/string.prototype.trim"
        },
        {
          "code": "REGISTRY_ORIGIN_UNVERIFIED",
          "location": "node_modules/string.prototype.trim"
        },
        {
          "code": "STRONG_INTEGRITY_MISSING",
          "location": "node_modules/string.prototype.trimend"
        },
        {
          "code": "REGISTRY_ORIGIN_UNVERIFIED",
          "location": "node_modules/string.prototype.trimend"
        },
        {
          "code": "STRONG_INTEGRITY_MISSING",
          "location": "node_modules/string.prototype.trimstart"
        },
        {
          "code": "REGISTRY_ORIGIN_UNVERIFIED",
          "location": "node_modules/string.prototype.trimstart"
        },
        {
          "code": "STRONG_INTEGRITY_MISSING",
          "location": "node_modules/strip-ansi"
        },
        {
          "code": "REGISTRY_ORIGIN_UNVERIFIED",
          "location": "node_modules/strip-ansi"
        },
        {
          "code": "STRONG_INTEGRITY_MISSING",
          "location": "node_modules/strip-ansi-cjs"
        },
        {
          "code": "REGISTRY_ORIGIN_UNVERIFIED",
          "location": "node_modules/strip-ansi-cjs"
        },
        {
          "code": "STRONG_INTEGRITY_MISSING",
          "location": "node_modules/strip-bom"
        },
        {
          "code": "REGISTRY_ORIGIN_UNVERIFIED",
          "location": "node_modules/strip-bom"
        },
        {
          "code": "STRONG_INTEGRITY_MISSING",
          "location": "node_modules/strip-indent"
        },
        {
          "code": "REGISTRY_ORIGIN_UNVERIFIED",
          "location": "node_modules/strip-indent"
        },
        {
          "code": "STRONG_INTEGRITY_MISSING",
          "location": "node_modules/strip-json-comments"
        },
        {
          "code": "REGISTRY_ORIGIN_UNVERIFIED",
          "location": "node_modules/strip-json-comments"
        },
        {
          "code": "STRONG_INTEGRITY_MISSING",
          "location": "node_modules/supports-color"
        },
        {
          "code": "REGISTRY_ORIGIN_UNVERIFIED",
          "location": "node_modules/supports-color"
        },
        {
          "code": "STRONG_INTEGRITY_MISSING",
          "location": "node_modules/supports-preserve-symlinks-flag"
        },
        {
          "code": "REGISTRY_ORIGIN_UNVERIFIED",
          "location": "node_modules/supports-preserve-symlinks-flag"
        },
        {
          "code": "STRONG_INTEGRITY_MISSING",
          "location": "node_modules/synckit"
        },
        {
          "code": "REGISTRY_ORIGIN_UNVERIFIED",
          "location": "node_modules/synckit"
        },
        {
          "code": "STRONG_INTEGRITY_MISSING",
          "location": "node_modules/tar-stream"
        },
        {
          "code": "REGISTRY_ORIGIN_UNVERIFIED",
          "location": "node_modules/tar-stream"
        },
        {
          "code": "STRONG_INTEGRITY_MISSING",
          "location": "node_modules/text-decoder"
        },
        {
          "code": "REGISTRY_ORIGIN_UNVERIFIED",
          "location": "node_modules/text-decoder"
        },
        {
          "code": "STRONG_INTEGRITY_MISSING",
          "location": "node_modules/tiny-glob"
        },
        {
          "code": "REGISTRY_ORIGIN_UNVERIFIED",
          "location": "node_modules/tiny-glob"
        },
        {
          "code": "STRONG_INTEGRITY_MISSING",
          "location": "node_modules/to-regex-range"
        },
        {
          "code": "REGISTRY_ORIGIN_UNVERIFIED",
          "location": "node_modules/to-regex-range"
        },
        {
          "code": "STRONG_INTEGRITY_MISSING",
          "location": "node_modules/toidentifier"
        },
        {
          "code": "REGISTRY_ORIGIN_UNVERIFIED",
          "location": "node_modules/toidentifier"
        },
        {
          "code": "STRONG_INTEGRITY_MISSING",
          "location": "node_modules/ts-api-utils"
        },
        {
          "code": "REGISTRY_ORIGIN_UNVERIFIED",
          "location": "node_modules/ts-api-utils"
        },
        {
          "code": "STRONG_INTEGRITY_MISSING",
          "location": "node_modules/tsconfig-paths"
        },
        {
          "code": "REGISTRY_ORIGIN_UNVERIFIED",
          "location": "node_modules/tsconfig-paths"
        },
        {
          "code": "STRONG_INTEGRITY_MISSING",
          "location": "node_modules/tsconfig-paths/node_modules/json5"
        },
        {
          "code": "REGISTRY_ORIGIN_UNVERIFIED",
          "location": "node_modules/tsconfig-paths/node_modules/json5"
        },
        {
          "code": "STRONG_INTEGRITY_MISSING",
          "location": "node_modules/tweetnacl"
        },
        {
          "code": "REGISTRY_ORIGIN_UNVERIFIED",
          "location": "node_modules/tweetnacl"
        },
        {
          "code": "STRONG_INTEGRITY_MISSING",
          "location": "node_modules/type-check"
        },
        {
          "code": "REGISTRY_ORIGIN_UNVERIFIED",
          "location": "node_modules/type-check"
        },
        {
          "code": "STRONG_INTEGRITY_MISSING",
          "location": "node_modules/type-detect"
        },
        {
          "code": "REGISTRY_ORIGIN_UNVERIFIED",
          "location": "node_modules/type-detect"
        },
        {
          "code": "STRONG_INTEGRITY_MISSING",
          "location": "node_modules/type-is"
        },
        {
          "code": "REGISTRY_ORIGIN_UNVERIFIED",
          "location": "node_modules/type-is"
        },
        {
          "code": "STRONG_INTEGRITY_MISSING",
          "location": "node_modules/type-is/node_modules/mime-types"
        },
        {
          "code": "REGISTRY_ORIGIN_UNVERIFIED",
          "location": "node_modules/type-is/node_modules/mime-types"
        },
        {
          "code": "STRONG_INTEGRITY_MISSING",
          "location": "node_modules/typed-array-buffer"
        },
        {
          "code": "REGISTRY_ORIGIN_UNVERIFIED",
          "location": "node_modules/typed-array-buffer"
        },
        {
          "code": "STRONG_INTEGRITY_MISSING",
          "location": "node_modules/typed-array-byte-length"
        },
        {
          "code": "REGISTRY_ORIGIN_UNVERIFIED",
          "location": "node_modules/typed-array-byte-length"
        },
        {
          "code": "STRONG_INTEGRITY_MISSING",
          "location": "node_modules/typed-array-byte-offset"
        },
        {
          "code": "REGISTRY_ORIGIN_UNVERIFIED",
          "location": "node_modules/typed-array-byte-offset"
        },
        {
          "code": "STRONG_INTEGRITY_MISSING",
          "location": "node_modules/typed-array-length"
        },
        {
          "code": "REGISTRY_ORIGIN_UNVERIFIED",
          "location": "node_modules/typed-array-length"
        },
        {
          "code": "STRONG_INTEGRITY_MISSING",
          "location": "node_modules/typescript"
        },
        {
          "code": "REGISTRY_ORIGIN_UNVERIFIED",
          "location": "node_modules/typescript"
        },
        {
          "code": "STRONG_INTEGRITY_MISSING",
          "location": "node_modules/typescript-eslint"
        },
        {
          "code": "REGISTRY_ORIGIN_UNVERIFIED",
          "location": "node_modules/typescript-eslint"
        },
        {
          "code": "STRONG_INTEGRITY_MISSING",
          "location": "node_modules/uid-safe"
        },
        {
          "code": "REGISTRY_ORIGIN_UNVERIFIED",
          "location": "node_modules/uid-safe"
        },
        {
          "code": "STRONG_INTEGRITY_MISSING",
          "location": "node_modules/unbox-primitive"
        },
        {
          "code": "REGISTRY_ORIGIN_UNVERIFIED",
          "location": "node_modules/unbox-primitive"
        },
        {
          "code": "STRONG_INTEGRITY_MISSING",
          "location": "node_modules/undici-types"
        },
        {
          "code": "REGISTRY_ORIGIN_UNVERIFIED",
          "location": "node_modules/undici-types"
        },
        {
          "code": "STRONG_INTEGRITY_MISSING",
          "location": "node_modules/universalify"
        },
        {
          "code": "REGISTRY_ORIGIN_UNVERIFIED",
          "location": "node_modules/universalify"
        },
        {
          "code": "STRONG_INTEGRITY_MISSING",
          "location": "node_modules/update-browserslist-db"
        },
        {
          "code": "REGISTRY_ORIGIN_UNVERIFIED",
          "location": "node_modules/update-browserslist-db"
        },
        {
          "code": "STRONG_INTEGRITY_MISSING",
          "location": "node_modules/update-browserslist-db/node_modules/picocolors"
        },
        {
          "code": "REGISTRY_ORIGIN_UNVERIFIED",
          "location": "node_modules/update-browserslist-db/node_modules/picocolors"
        },
        {
          "code": "STRONG_INTEGRITY_MISSING",
          "location": "node_modules/uri-js"
        },
        {
          "code": "REGISTRY_ORIGIN_UNVERIFIED",
          "location": "node_modules/uri-js"
        },
        {
          "code": "STRONG_INTEGRITY_MISSING",
          "location": "node_modules/util-deprecate"
        },
        {
          "code": "REGISTRY_ORIGIN_UNVERIFIED",
          "location": "node_modules/util-deprecate"
        },
        {
          "code": "STRONG_INTEGRITY_MISSING",
          "location": "node_modules/utils-merge"
        },
        {
          "code": "REGISTRY_ORIGIN_UNVERIFIED",
          "location": "node_modules/utils-merge"
        },
        {
          "code": "STRONG_INTEGRITY_MISSING",
          "location": "node_modules/uuid"
        },
        {
          "code": "REGISTRY_ORIGIN_UNVERIFIED",
          "location": "node_modules/uuid"
        },
        {
          "code": "STRONG_INTEGRITY_MISSING",
          "location": "node_modules/vary"
        },
        {
          "code": "REGISTRY_ORIGIN_UNVERIFIED",
          "location": "node_modules/vary"
        },
        {
          "code": "STRONG_INTEGRITY_MISSING",
          "location": "node_modules/which"
        },
        {
          "code": "REGISTRY_ORIGIN_UNVERIFIED",
          "location": "node_modules/which"
        },
        {
          "code": "STRONG_INTEGRITY_MISSING",
          "location": "node_modules/which-boxed-primitive"
        },
        {
          "code": "REGISTRY_ORIGIN_UNVERIFIED",
          "location": "node_modules/which-boxed-primitive"
        },
        {
          "code": "STRONG_INTEGRITY_MISSING",
          "location": "node_modules/which-builtin-type"
        },
        {
          "code": "REGISTRY_ORIGIN_UNVERIFIED",
          "location": "node_modules/which-builtin-type"
        },
        {
          "code": "STRONG_INTEGRITY_MISSING",
          "location": "node_modules/which-collection"
        },
        {
          "code": "REGISTRY_ORIGIN_UNVERIFIED",
          "location": "node_modules/which-collection"
        },
        {
          "code": "STRONG_INTEGRITY_MISSING",
          "location": "node_modules/which-typed-array"
        },
        {
          "code": "REGISTRY_ORIGIN_UNVERIFIED",
          "location": "node_modules/which-typed-array"
        },
        {
          "code": "STRONG_INTEGRITY_MISSING",
          "location": "node_modules/word-wrap"
        },
        {
          "code": "REGISTRY_ORIGIN_UNVERIFIED",
          "location": "node_modules/word-wrap"
        },
        {
          "code": "STRONG_INTEGRITY_MISSING",
          "location": "node_modules/workerpool"
        },
        {
          "code": "REGISTRY_ORIGIN_UNVERIFIED",
          "location": "node_modules/workerpool"
        },
        {
          "code": "STRONG_INTEGRITY_MISSING",
          "location": "node_modules/wrap-ansi"
        },
        {
          "code": "REGISTRY_ORIGIN_UNVERIFIED",
          "location": "node_modules/wrap-ansi"
        },
        {
          "code": "STRONG_INTEGRITY_MISSING",
          "location": "node_modules/wrap-ansi-cjs"
        },
        {
          "code": "REGISTRY_ORIGIN_UNVERIFIED",
          "location": "node_modules/wrap-ansi-cjs"
        },
        {
          "code": "STRONG_INTEGRITY_MISSING",
          "location": "node_modules/wrap-ansi-cjs/node_modules/emoji-regex"
        },
        {
          "code": "REGISTRY_ORIGIN_UNVERIFIED",
          "location": "node_modules/wrap-ansi-cjs/node_modules/emoji-regex"
        },
        {
          "code": "STRONG_INTEGRITY_MISSING",
          "location": "node_modules/wrap-ansi-cjs/node_modules/string-width"
        },
        {
          "code": "REGISTRY_ORIGIN_UNVERIFIED",
          "location": "node_modules/wrap-ansi-cjs/node_modules/string-width"
        },
        {
          "code": "STRONG_INTEGRITY_MISSING",
          "location": "node_modules/wrap-ansi/node_modules/ansi-regex"
        },
        {
          "code": "REGISTRY_ORIGIN_UNVERIFIED",
          "location": "node_modules/wrap-ansi/node_modules/ansi-regex"
        },
        {
          "code": "STRONG_INTEGRITY_MISSING",
          "location": "node_modules/wrap-ansi/node_modules/ansi-styles"
        },
        {
          "code": "REGISTRY_ORIGIN_UNVERIFIED",
          "location": "node_modules/wrap-ansi/node_modules/ansi-styles"
        },
        {
          "code": "STRONG_INTEGRITY_MISSING",
          "location": "node_modules/wrap-ansi/node_modules/strip-ansi"
        },
        {
          "code": "REGISTRY_ORIGIN_UNVERIFIED",
          "location": "node_modules/wrap-ansi/node_modules/strip-ansi"
        },
        {
          "code": "STRONG_INTEGRITY_MISSING",
          "location": "node_modules/wrappy"
        },
        {
          "code": "REGISTRY_ORIGIN_UNVERIFIED",
          "location": "node_modules/wrappy"
        },
        {
          "code": "STRONG_INTEGRITY_MISSING",
          "location": "node_modules/y18n"
        },
        {
          "code": "REGISTRY_ORIGIN_UNVERIFIED",
          "location": "node_modules/y18n"
        },
        {
          "code": "STRONG_INTEGRITY_MISSING",
          "location": "node_modules/yargs"
        },
        {
          "code": "REGISTRY_ORIGIN_UNVERIFIED",
          "location": "node_modules/yargs"
        },
        {
          "code": "STRONG_INTEGRITY_MISSING",
          "location": "node_modules/yargs-parser"
        },
        {
          "code": "REGISTRY_ORIGIN_UNVERIFIED",
          "location": "node_modules/yargs-parser"
        },
        {
          "code": "STRONG_INTEGRITY_MISSING",
          "location": "node_modules/yargs-unparser"
        },
        {
          "code": "REGISTRY_ORIGIN_UNVERIFIED",
          "location": "node_modules/yargs-unparser"
        },
        {
          "code": "STRONG_INTEGRITY_MISSING",
          "location": "node_modules/yargs-unparser/node_modules/decamelize"
        },
        {
          "code": "REGISTRY_ORIGIN_UNVERIFIED",
          "location": "node_modules/yargs-unparser/node_modules/decamelize"
        },
        {
          "code": "STRONG_INTEGRITY_MISSING",
          "location": "node_modules/yargs-unparser/node_modules/is-plain-obj"
        },
        {
          "code": "REGISTRY_ORIGIN_UNVERIFIED",
          "location": "node_modules/yargs-unparser/node_modules/is-plain-obj"
        },
        {
          "code": "STRONG_INTEGRITY_MISSING",
          "location": "node_modules/yargs/node_modules/emoji-regex"
        },
        {
          "code": "REGISTRY_ORIGIN_UNVERIFIED",
          "location": "node_modules/yargs/node_modules/emoji-regex"
        },
        {
          "code": "STRONG_INTEGRITY_MISSING",
          "location": "node_modules/yargs/node_modules/string-width"
        },
        {
          "code": "REGISTRY_ORIGIN_UNVERIFIED",
          "location": "node_modules/yargs/node_modules/string-width"
        },
        {
          "code": "STRONG_INTEGRITY_MISSING",
          "location": "node_modules/yocto-queue"
        },
        {
          "code": "REGISTRY_ORIGIN_UNVERIFIED",
          "location": "node_modules/yocto-queue"
        }
      ]
    },
    {
      "name": "frontend",
      "issues": []
    }
  ]
}
