npm warn Unknown env config "http-proxy". This will stop working in the next major version of npm.
[
  {
    "id": "iobroker.eos-admin@7.10.11",
    "name": "iobroker.eos-admin",
    "version": "7.10.11",
    "size": 39901070,
    "unpackedSize": 105180680,
    "shasum": "f750ef47be92853421b504b1fdfb116a4e6a5de5",
    "integrity": "sha512-bVrNGwYTVAqXKsLGb2XOkYZqgzhp5ojyrjjIlE2rI52hzwq75f1CrCn8vPedlOnRbJsrFILfmIgpV6vNYScKAg==",
    "filename": "iobroker.eos-admin-7.10.11.tgz",
    "files": [
      {
        "path": "INSTALL_TEST_V7.10.7.md",
        "size": 703,
        "mode": 420
      },
      {
        "path": "LICENSE",
        "size": 4507,
        "mode": 420
      },
      {
        "path": "MERGE_UPDATE_README_V7.10.7.md",
        "size": 471,
        "mode": 420
      },
      {
        "path": "NexoWatt_EOS_Admin_EMS_OVERVIEW_MERGE_VALIDATION.md",
        "size": 2129,
        "mode": 420
      },
      {
        "path": "NEXOWATT_EOS_BUILD_INFO.json",
        "size": 1095,
        "mode": 420
      },
      {
        "path": "NEXOWATT_EOS_PREBUILT_MANIFEST.json",
        "size": 167767,
        "mode": 420
      },
      {
        "path": "NEXOWATT_EOS_STANDALONE.md",
        "size": 384,
        "mode": 420
      },
      {
        "path": "NEXOWATT_PROPRIETARY_LICENSE.md",
        "size": 3238,
        "mode": 420
      },
      {
        "path": "NEXOWATT_PUBLIC_NPM_DISTRIBUTION.md",
        "size": 2296,
        "mode": 420
      },
      {
        "path": "PUBLISH_STABLE_V7.10.7.md",
        "size": 431,
        "mode": 420
      },
      {
        "path": "RC73_EOS_ADMIN_MERGE_VALIDATION.md",
        "size": 3001,
        "mode": 420
      },
      {
        "path": "README_EMS_OVERVIEW_MERGE.md",
        "size": 2346,
        "mode": 420
      },
      {
        "path": "README_STABILITY_V7.10.7.md",
        "size": 655,
        "mode": 420
      },
      {
        "path": "README.md",
        "size": 4507,
        "mode": 420
      },
      {
        "path": "RELEASE_ACCEPTANCE_V7.10.7.md",
        "size": 678,
        "mode": 420
      },
      {
        "path": "RELEASE_NOTES_V7.10.7.md",
        "size": 985,
        "mode": 420
      },
      {
        "path": "SECURITY_ROLE_MATRIX_V7.10.7.md",
        "size": 502,
        "mode": 420
      },
      {
        "path": "START_HERE_7.10.10.md",
        "size": 788,
        "mode": 420
      },
      {
        "path": "START_HERE_7.10.11.md",
        "size": 2100,
        "mode": 420
      },
      {
        "path": "THIRD_PARTY_NOTICES.md",
        "size": 1715,
        "mode": 420
      },
      {
        "path": "VALIDATION_EMS_OVERVIEW_MERGE.md",
        "size": 1711,
        "mode": 420
      },
      {
        "path": "admin/admin.png",
        "size": 149798,
        "mode": 420
      },
      {
        "path": "admin/admin.svg",
        "size": 40087,
        "mode": 420
      },
      {
        "path": "admin/custom/assets/_commonjsHelpers-BosuxZz1.js",
        "size": 691,
        "mode": 420
      },
      {
        "path": "admin/custom/assets/_commonjsHelpers-C4iS2aBk.js",
        "size": 691,
        "mode": 420
      },
      {
        "path": "admin/custom/assets/_commonjsHelpers-D6-XlEtG.js",
        "size": 731,
        "mode": 420
      },
      {
        "path": "admin/custom/assets/AdminComponentEasyAccessSet__loadShare___mf_0_emotion_mf_1_react__loadShare__-ThZRd2Or.js",
        "size": 299,
        "mode": 420
      },
      {
        "path": "admin/custom/assets/AdminComponentEasyAccessSet__loadShare___mf_0_iobroker_mf_1_adapter_mf_2_react_mf_2_v5__loadShare__-BwsO6e09.js",
        "size": 998,
        "mode": 420
      },
      {
        "path": "admin/custom/assets/AdminComponentEasyAccessSet__loadShare___mf_0_iobroker_mf_1_adapter_mf_2_react_mf_2_v5__loadShare__-Ccv-XSYH.js",
        "size": 311,
        "mode": 420
      },
      {
        "path": "admin/custom/assets/AdminComponentEasyAccessSet__loadShare___mf_0_iobroker_mf_1_adapter_mf_2_react_mf_2_v5__loadShare__-CZO71vnA.js",
        "size": 760,
        "mode": 420
      },
      {
        "path": "admin/custom/assets/AdminComponentEasyAccessSet__loadShare___mf_0_iobroker_mf_1_adapter_mf_2_react_mf_2_v5__loadShare__-DnBKtZGU.js",
        "size": 760,
        "mode": 420
      },
      {
        "path": "admin/custom/assets/AdminComponentEasyAccessSet__loadShare___mf_0_iobroker_mf_1_adapter_mf_2_react_mf_2_v5__loadShare__-Z38LsAXT.js",
        "size": 998,
        "mode": 420
      },
      {
        "path": "admin/custom/assets/AdminComponentEasyAccessSet__loadShare___mf_0_mui_mf_1_material__loadShare__-CyJ0aZA_.js",
        "size": 298,
        "mode": 420
      },
      {
        "path": "admin/custom/assets/AdminComponentEasyAccessSet__loadShare__react__loadShare__-CeoNSDQT.js",
        "size": 746,
        "mode": 420
      },
      {
        "path": "admin/custom/assets/AdminComponentEasyAccessSet__loadShare__react__loadShare__-CEWlgS6L.js",
        "size": 746,
        "mode": 420
      },
      {
        "path": "admin/custom/assets/AdminComponentEasyAccessSet__loadShare__react__loadShare__-CNokp6wM.js",
        "size": 746,
        "mode": 420
      },
      {
        "path": "admin/custom/assets/AdminComponentEasyAccessSet__loadShare__react__loadShare__-q7umYvNn.js",
        "size": 746,
        "mode": 420
      },
      {
        "path": "admin/custom/assets/AdminComponentEasyAccessSet__loadShare__react_mf_2_dom__loadShare__-BaTCLP1q.js",
        "size": 365,
        "mode": 420
      },
      {
        "path": "admin/custom/assets/AdminComponentEasyAccessSet__loadShare__react_mf_2_dom__loadShare__-BuIaw8JU.js",
        "size": 365,
        "mode": 420
      },
      {
        "path": "admin/custom/assets/AdminComponentEasyAccessSet__loadShare__react_mf_2_dom__loadShare__-C2XBHjaG.js",
        "size": 365,
        "mode": 420
      },
      {
        "path": "admin/custom/assets/AdminComponentEasyAccessSet__loadShare__react_mf_2_dom__loadShare__-CyZEwvXd.js",
        "size": 365,
        "mode": 420
      },
      {
        "path": "admin/custom/assets/AdminComponentEasyAccessSet__loadShare__react_mf_2_dropzone__loadShare__-C8v1Ddwf.js",
        "size": 140397,
        "mode": 420
      },
      {
        "path": "admin/custom/assets/AdminComponentEasyAccessSet__loadShare__react_mf_2_dropzone__loadShare__-DcYFTtZ9.js",
        "size": 140397,
        "mode": 420
      },
      {
        "path": "admin/custom/assets/AdminComponentEasyAccessSet__mf_v__runtimeInit__mf_v__-CbzMf-XP.js",
        "size": 67121,
        "mode": 420
      },
      {
        "path": "admin/custom/assets/AdminComponentEasyAccessSet__mf_v__runtimeInit__mf_v__-JbSPU0nV.js",
        "size": 67185,
        "mode": 420
      },
      {
        "path": "admin/custom/assets/bootstrap-B11ErO73.js",
        "size": 547,
        "mode": 420
      },
      {
        "path": "admin/custom/assets/bootstrap-BOH6Gkzv.js",
        "size": 547,
        "mode": 420
      },
      {
        "path": "admin/custom/assets/bootstrap-CTERJrgr.js",
        "size": 547,
        "mode": 420
      },
      {
        "path": "admin/custom/assets/bootstrap-iE1MRKUn.js",
        "size": 584,
        "mode": 420
      },
      {
        "path": "admin/custom/assets/Components-BGVs6Dmn.js",
        "size": 2522,
        "mode": 420
      },
      {
        "path": "admin/custom/assets/Components-BLTGgWtG.js",
        "size": 2522,
        "mode": 420
      },
      {
        "path": "admin/custom/assets/Components-BuOqZyiK.js",
        "size": 2359,
        "mode": 420
      },
      {
        "path": "admin/custom/assets/Components-C_NEjSsK.js",
        "size": 2396,
        "mode": 420
      },
      {
        "path": "admin/custom/assets/Components-C7YMhquo.js",
        "size": 2522,
        "mode": 420
      },
      {
        "path": "admin/custom/assets/Components-D5C5QcMF.js",
        "size": 2522,
        "mode": 420
      },
      {
        "path": "admin/custom/assets/Components-DIHha3YG.js",
        "size": 2522,
        "mode": 420
      },
      {
        "path": "admin/custom/assets/createSvgIcon-5jXJu8N-.js",
        "size": 15545,
        "mode": 420
      },
      {
        "path": "admin/custom/assets/createSvgIcon-7Jhy4wks.js",
        "size": 2927,
        "mode": 420
      },
      {
        "path": "admin/custom/assets/createSvgIcon-B27jJkJ9.js",
        "size": 2927,
        "mode": 420
      },
      {
        "path": "admin/custom/assets/createSvgIcon-D2osie2l.js",
        "size": 15545,
        "mode": 420
      },
      {
        "path": "admin/custom/assets/createSvgIcon-DCMQPd-e.js",
        "size": 15545,
        "mode": 420
      },
      {
        "path": "admin/custom/assets/DefaultPropsProvider-BB95xOjQ.js",
        "size": 6018,
        "mode": 420
      },
      {
        "path": "admin/custom/assets/DefaultPropsProvider-CCI94FVd.js",
        "size": 6018,
        "mode": 420
      },
      {
        "path": "admin/custom/assets/defaultTheme-BR6-93cU.js",
        "size": 43872,
        "mode": 420
      },
      {
        "path": "admin/custom/assets/defaultTheme-CFicWEn0.js",
        "size": 58741,
        "mode": 420
      },
      {
        "path": "admin/custom/assets/defaultTheme-D72nEpTH.js",
        "size": 58741,
        "mode": 420
      },
      {
        "path": "admin/custom/assets/defaultTheme-DCv9Tyqi.js",
        "size": 43872,
        "mode": 420
      },
      {
        "path": "admin/custom/assets/defaultTheme-XSeTxanj.js",
        "size": 58741,
        "mode": 420
      },
      {
        "path": "admin/custom/assets/emotion-cache.browser.esm-B8BFze5o.js",
        "size": 9864,
        "mode": 420
      },
      {
        "path": "admin/custom/assets/emotion-react.browser.esm-B8nEgwfh.js",
        "size": 7914,
        "mode": 420
      },
      {
        "path": "admin/custom/assets/emotion-react.browser.esm-BuFM-c4M.js",
        "size": 7914,
        "mode": 420
      },
      {
        "path": "admin/custom/assets/emotion-serialize.esm-BUa21YfQ.js",
        "size": 3191,
        "mode": 420
      },
      {
        "path": "admin/custom/assets/emotion-styled.browser.esm-BnRXerdD.js",
        "size": 7612,
        "mode": 420
      },
      {
        "path": "admin/custom/assets/emotion-styled.browser.esm-DFIShoFf.js",
        "size": 7612,
        "mode": 420
      },
      {
        "path": "admin/custom/assets/emotion-utils.browser.esm-CRuLce-h.js",
        "size": 649,
        "mode": 420
      },
      {
        "path": "admin/custom/assets/emotion-utils.browser.esm-HXRY1qGt.js",
        "size": 649,
        "mode": 420
      },
      {
        "path": "admin/custom/assets/extends-CF3RwP-h.js",
        "size": 232,
        "mode": 420
      },
      {
        "path": "admin/custom/assets/FilledInput-DXFSGhGa.js",
        "size": 16257,
        "mode": 420
      },
      {
        "path": "admin/custom/assets/FilledInput-XeLGh5ZJ.js",
        "size": 16257,
        "mode": 420
      },
      {
        "path": "admin/custom/assets/hostInit-BvI04twG.js",
        "size": 454,
        "mode": 420
      },
      {
        "path": "admin/custom/assets/hostInit-DAQ2zgXM.js",
        "size": 457,
        "mode": 420
      },
      {
        "path": "admin/custom/assets/index--MCERkhS.js",
        "size": 134431,
        "mode": 420
      },
      {
        "path": "admin/custom/assets/index-6_mKOTxB.js",
        "size": 3869923,
        "mode": 420
      },
      {
        "path": "admin/custom/assets/index-6YAx3tu6.js",
        "size": 16889,
        "mode": 420
      },
      {
        "path": "admin/custom/assets/index-B3IC6ylx.js",
        "size": 807,
        "mode": 420
      },
      {
        "path": "admin/custom/assets/index-B82Lauwj.js",
        "size": 200391,
        "mode": 420
      },
      {
        "path": "admin/custom/assets/index-BhYM-Fsq.js",
        "size": 205488,
        "mode": 420
      },
      {
        "path": "admin/custom/assets/index-BMTRswnc.js",
        "size": 1178,
        "mode": 420
      },
      {
        "path": "admin/custom/assets/index-Bpcx1klA.js",
        "size": 351032,
        "mode": 420
      },
      {
        "path": "admin/custom/assets/index-BqaC8TTV.js",
        "size": 1054010,
        "mode": 420
      },
      {
        "path": "admin/custom/assets/index-BS5YR09z.js",
        "size": 134877,
        "mode": 420
      },
      {
        "path": "admin/custom/assets/index-BTEHfIqN.js",
        "size": 1047122,
        "mode": 420
      },
      {
        "path": "admin/custom/assets/index-BuS9zUSd.js",
        "size": 7161,
        "mode": 420
      },
      {
        "path": "admin/custom/assets/index-BwCOsmBT.js",
        "size": 200391,
        "mode": 420
      },
      {
        "path": "admin/custom/assets/index-Bwqdok6R.js",
        "size": 7161,
        "mode": 420
      },
      {
        "path": "admin/custom/assets/index-C0FlO84Y.js",
        "size": 351032,
        "mode": 420
      },
      {
        "path": "admin/custom/assets/index-C2cQRe9d.js",
        "size": 303879,
        "mode": 420
      },
      {
        "path": "admin/custom/assets/index-C3V20aKs.js",
        "size": 390177,
        "mode": 420
      },
      {
        "path": "admin/custom/assets/index-C9L9KccV.js",
        "size": 1505440,
        "mode": 420
      },
      {
        "path": "admin/custom/assets/index-C15xXtHW.js",
        "size": 16889,
        "mode": 420
      },
      {
        "path": "admin/custom/assets/index-C126PjL4.js",
        "size": 1507566,
        "mode": 420
      },
      {
        "path": "admin/custom/assets/index-CcDQHtwq.js",
        "size": 1504826,
        "mode": 420
      },
      {
        "path": "admin/custom/assets/index-CcWdaO-A.js",
        "size": 1114326,
        "mode": 420
      },
      {
        "path": "admin/custom/assets/index-CeBKi5zj.js",
        "size": 1504766,
        "mode": 420
      },
      {
        "path": "admin/custom/assets/index-CGID5h1b.js",
        "size": 1505380,
        "mode": 420
      },
      {
        "path": "admin/custom/assets/index-Cgl0l3l6.js",
        "size": 1105708,
        "mode": 420
      },
      {
        "path": "admin/custom/assets/index-CIBm9Kqp.js",
        "size": 1178,
        "mode": 420
      },
      {
        "path": "admin/custom/assets/index-CiYybikp.js",
        "size": 3870122,
        "mode": 420
      },
      {
        "path": "admin/custom/assets/index-Co3YA5NW.js",
        "size": 7161,
        "mode": 420
      },
      {
        "path": "admin/custom/assets/index-CoW8eO4r.js",
        "size": 390613,
        "mode": 420
      },
      {
        "path": "admin/custom/assets/index-CWiNZAM8.js",
        "size": 1320,
        "mode": 420
      },
      {
        "path": "admin/custom/assets/index-CXw-KcYb.js",
        "size": 1507626,
        "mode": 420
      },
      {
        "path": "admin/custom/assets/index-D4vvYtPC.js",
        "size": 1550034,
        "mode": 420
      },
      {
        "path": "admin/custom/assets/index-DAyoaHbG.js",
        "size": 59963,
        "mode": 420
      },
      {
        "path": "admin/custom/assets/index-DhhR2_Nl.js",
        "size": 16886,
        "mode": 420
      },
      {
        "path": "admin/custom/assets/index-DI-4AL4q.js",
        "size": 518296,
        "mode": 420
      },
      {
        "path": "admin/custom/assets/index-Di7Jseht.js",
        "size": 7161,
        "mode": 420
      },
      {
        "path": "admin/custom/assets/index-DIVai5gZ.js",
        "size": 305227,
        "mode": 420
      },
      {
        "path": "admin/custom/assets/index-Dk74W0Oi.js",
        "size": 807,
        "mode": 420
      },
      {
        "path": "admin/custom/assets/index-DlxnN5wS.js",
        "size": 16889,
        "mode": 420
      },
      {
        "path": "admin/custom/assets/index-DmBzGjyS.js",
        "size": 199972,
        "mode": 420
      },
      {
        "path": "admin/custom/assets/index-Drg0QIRU.js",
        "size": 3870122,
        "mode": 420
      },
      {
        "path": "admin/custom/assets/index-DrWcIcrD.js",
        "size": 16889,
        "mode": 420
      },
      {
        "path": "admin/custom/assets/index-DsmGf2-7.js",
        "size": 281378,
        "mode": 420
      },
      {
        "path": "admin/custom/assets/index-DVBEkap_.js",
        "size": 1507626,
        "mode": 420
      },
      {
        "path": "admin/custom/assets/index-eQxyhk2m.js",
        "size": 134877,
        "mode": 420
      },
      {
        "path": "admin/custom/assets/index-fHKF7cIy.js",
        "size": 518296,
        "mode": 420
      },
      {
        "path": "admin/custom/assets/index-G9F5mhbe.js",
        "size": 134877,
        "mode": 420
      },
      {
        "path": "admin/custom/assets/index-IIKn7Ixx.js",
        "size": 3869923,
        "mode": 420
      },
      {
        "path": "admin/custom/assets/index-j6rrs7XC.js",
        "size": 1320,
        "mode": 420
      },
      {
        "path": "admin/custom/assets/index-JHWyZnE9.js",
        "size": 303879,
        "mode": 420
      },
      {
        "path": "admin/custom/assets/index-lwTE6AOa.js",
        "size": 1052976,
        "mode": 420
      },
      {
        "path": "admin/custom/assets/index-NGqOTt6l.js",
        "size": 1350,
        "mode": 420
      },
      {
        "path": "admin/custom/assets/index-PIXQ0sh_.js",
        "size": 1320,
        "mode": 420
      },
      {
        "path": "admin/custom/assets/index-Q1ZwYVoj.js",
        "size": 1533853,
        "mode": 420
      },
      {
        "path": "admin/custom/assets/index-ti-wjOSn.js",
        "size": 16886,
        "mode": 420
      },
      {
        "path": "admin/custom/assets/index-uKyBezpV.js",
        "size": 1504766,
        "mode": 420
      },
      {
        "path": "admin/custom/assets/index-VCQPKkxj.js",
        "size": 16889,
        "mode": 420
      },
      {
        "path": "admin/custom/assets/index-WGNhBVhU.js",
        "size": 281378,
        "mode": 420
      },
      {
        "path": "admin/custom/assets/index-YjwT_NQs.js",
        "size": 205488,
        "mode": 420
      },
      {
        "path": "admin/custom/assets/index-ySM3clDo.js",
        "size": 59963,
        "mode": 420
      },
      {
        "path": "admin/custom/assets/index-ZPb95xPG.js",
        "size": 3869923,
        "mode": 420
      },
      {
        "path": "admin/custom/assets/jsx-runtime-Bhtgc1Ek.js",
        "size": 971,
        "mode": 420
      },
      {
        "path": "admin/custom/assets/jsx-runtime-Cp-hbMRJ.js",
        "size": 971,
        "mode": 420
      },
      {
        "path": "admin/custom/assets/jsx-runtime-CTWygAA3.js",
        "size": 971,
        "mode": 420
      },
      {
        "path": "admin/custom/assets/jsx-runtime-DEOw6lrW.js",
        "size": 971,
        "mode": 420
      },
      {
        "path": "admin/custom/assets/preload-helper-C1FmrZbK.js",
        "size": 1141,
        "mode": 420
      },
      {
        "path": "admin/custom/assets/preload-helper-D6kgxu3v.js",
        "size": 1059,
        "mode": 420
      },
      {
        "path": "admin/custom/assets/TableRow-C3WjvpUs.js",
        "size": 103675,
        "mode": 420
      },
      {
        "path": "admin/custom/assets/TableRow-CHN72bYy.js",
        "size": 100208,
        "mode": 420
      },
      {
        "path": "admin/custom/assets/TextField-CayBtscd.js",
        "size": 168210,
        "mode": 420
      },
      {
        "path": "admin/custom/assets/TextField-ChPwodvp.js",
        "size": 164411,
        "mode": 420
      },
      {
        "path": "admin/custom/assets/TextField-CnOlGqg0.js",
        "size": 164273,
        "mode": 420
      },
      {
        "path": "admin/custom/assets/TextField-Dd4tKJmo.js",
        "size": 168210,
        "mode": 420
      },
      {
        "path": "admin/custom/assets/TextField-SV0a0wX3.js",
        "size": 164273,
        "mode": 420
      },
      {
        "path": "admin/custom/assets/useTheme-BOPjjCOy.js",
        "size": 432,
        "mode": 420
      },
      {
        "path": "admin/custom/assets/useTheme-C_hJ3CmR.js",
        "size": 1180,
        "mode": 420
      },
      {
        "path": "admin/custom/assets/useTheme-Cne3N_LN.js",
        "size": 235,
        "mode": 420
      },
      {
        "path": "admin/custom/assets/useTheme-COyz47gO.js",
        "size": 1180,
        "mode": 420
      },
      {
        "path": "admin/custom/assets/useTheme-CQhBL97o.js",
        "size": 1180,
        "mode": 420
      },
      {
        "path": "admin/custom/assets/useTheme-PVkhNxHz.js",
        "size": 432,
        "mode": 420
      },
      {
        "path": "admin/custom/assets/useTheme-Vt4pBeH8.js",
        "size": 235,
        "mode": 420
      },
      {
        "path": "admin/custom/assets/virtualExposes-BufY-8i6.js",
        "size": 829,
        "mode": 420
      },
      {
        "path": "admin/custom/assets/virtualExposes-BzsB67fP.js",
        "size": 791,
        "mode": 420
      },
      {
        "path": "admin/custom/assets/virtualExposes-CwaViYuQ.js",
        "size": 829,
        "mode": 420
      },
      {
        "path": "admin/custom/assets/virtualExposes-Da74FR2J.js",
        "size": 761,
        "mode": 420
      },
      {
        "path": "admin/custom/assets/virtualExposes-DNBnsnO_.js",
        "size": 829,
        "mode": 420
      },
      {
        "path": "admin/custom/assets/virtualExposes-DRVez7sS.js",
        "size": 829,
        "mode": 420
      },
      {
        "path": "admin/custom/assets/virtualExposes-DuUbqTEm.js",
        "size": 829,
        "mode": 420
      },
      {
        "path": "admin/custom/customComponents.js",
        "size": 4712,
        "mode": 420
      },
      {
        "path": "admin/custom/i18n/de.json",
        "size": 107,
        "mode": 420
      },
      {
        "path": "admin/custom/i18n/en.json",
        "size": 102,
        "mode": 420
      },
      {
        "path": "admin/custom/i18n/es.json",
        "size": 116,
        "mode": 420
      },
      {
        "path": "admin/custom/i18n/fr.json",
        "size": 114,
        "mode": 420
      },
      {
        "path": "admin/custom/i18n/it.json",
        "size": 101,
        "mode": 420
      },
      {
        "path": "admin/custom/i18n/nl.json",
        "size": 109,
        "mode": 420
      },
      {
        "path": "admin/custom/i18n/pl.json",
        "size": 111,
        "mode": 420
      },
      {
        "path": "admin/custom/i18n/pt.json",
        "size": 112,
        "mode": 420
      },
      {
        "path": "admin/custom/i18n/ru.json",
        "size": 158,
        "mode": 420
      },
      {
        "path": "admin/custom/i18n/zh-cn.json",
        "size": 103,
        "mode": 420
      },
      {
        "path": "admin/favicon.ico",
        "size": 13608,
        "mode": 420
      },
      {
        "path": "admin/i18n/de.json",
        "size": 10135,
        "mode": 420
      },
      {
        "path": "admin/i18n/en.json",
        "size": 8547,
        "mode": 420
      },
      {
        "path": "admin/i18n/es.json",
        "size": 9209,
        "mode": 420
      },
      {
        "path": "admin/i18n/fr.json",
        "size": 9307,
        "mode": 420
      },
      {
        "path": "admin/i18n/it.json",
        "size": 9122,
        "mode": 420
      },
      {
        "path": "admin/i18n/nl.json",
        "size": 8804,
        "mode": 420
      },
      {
        "path": "admin/i18n/pl.json",
        "size": 8895,
        "mode": 420
      },
      {
        "path": "admin/i18n/pt.json",
        "size": 9028,
        "mode": 420
      },
      {
        "path": "admin/i18n/ru.json",
        "size": 11135,
        "mode": 420
      },
      {
        "path": "admin/i18n/uk.json",
        "size": 12120,
        "mode": 420
      },
      {
        "path": "admin/i18n/zh-cn.json",
        "size": 8171,
        "mode": 420
      },
      {
        "path": "admin/img/eos/eos-logo.svg",
        "size": 40087,
        "mode": 420
      },
      {
        "path": "admin/img/eos/nexowatt-16.png",
        "size": 769,
        "mode": 420
      },
      {
        "path": "admin/img/eos/nexowatt-32.png",
        "size": 2259,
        "mode": 420
      },
      {
        "path": "admin/img/eos/nexowatt-48.png",
        "size": 4245,
        "mode": 420
      },
      {
        "path": "admin/img/eos/nexowatt-64.png",
        "size": 6265,
        "mode": 420
      },
      {
        "path": "admin/img/eos/nexowatt-120.png",
        "size": 15374,
        "mode": 420
      },
      {
        "path": "admin/img/eos/nexowatt-128.png",
        "size": 2942,
        "mode": 420
      },
      {
        "path": "admin/img/eos/nexowatt-152.png",
        "size": 21295,
        "mode": 420
      },
      {
        "path": "admin/img/eos/nexowatt-180.png",
        "size": 26911,
        "mode": 420
      },
      {
        "path": "admin/img/eos/nexowatt-192.png",
        "size": 29884,
        "mode": 420
      },
      {
        "path": "admin/img/eos/nexowatt-256.png",
        "size": 45907,
        "mode": 420
      },
      {
        "path": "admin/img/eos/nexowatt-384.png",
        "size": 89658,
        "mode": 420
      },
      {
        "path": "admin/img/eos/nexowatt-512.png",
        "size": 149798,
        "mode": 420
      },
      {
        "path": "admin/img/eos/nexowatt-eos-brand-wide.png",
        "size": 258077,
        "mode": 420
      },
      {
        "path": "admin/img/eos/nexowatt-logo.png",
        "size": 1466889,
        "mode": 420
      },
      {
        "path": "admin/jsonConfig.json5",
        "size": 26885,
        "mode": 420
      },
      {
        "path": "admin/LICENSE-NEXOWATT.md",
        "size": 3238,
        "mode": 420
      },
      {
        "path": "admin/README.md",
        "size": 103,
        "mode": 420
      },
      {
        "path": "adminWww/admin.svg",
        "size": 40087,
        "mode": 420
      },
      {
        "path": "adminWww/assets/___vite-browser-external_commonjs-proxy-DMh1aSo_.js",
        "size": 188,
        "mode": 420
      },
      {
        "path": "adminWww/assets/_commonjs-dynamic-modules-TDtrdbi3.js",
        "size": 239,
        "mode": 420
      },
      {
        "path": "adminWww/assets/_commonjsHelpers-CE1G-McA.js",
        "size": 755,
        "mode": 420
      },
      {
        "path": "adminWww/assets/ace-DEUjyTIn.js",
        "size": 468664,
        "mode": 420
      },
      {
        "path": "adminWww/assets/Adapters-B5_jQ7DE-v84.js",
        "size": 134404,
        "mode": 420
      },
      {
        "path": "adminWww/assets/Adapters-B5_jQ7DE.js",
        "size": 54,
        "mode": 420
      },
      {
        "path": "adminWww/assets/AdapterUpdateDialog-BMg84Hpf-v84.js",
        "size": 10847,
        "mode": 420
      },
      {
        "path": "adminWww/assets/AdapterUpdateDialog-BMg84Hpf.js",
        "size": 10847,
        "mode": 420
      },
      {
        "path": "adminWww/assets/Alarm Systems-DXWic1Ai.svg",
        "size": 5992,
        "mode": 420
      },
      {
        "path": "adminWww/assets/Alarm Systems-gR7dS0A2.js",
        "size": 92,
        "mode": 420
      },
      {
        "path": "adminWww/assets/amber-D7aVlNg3.js",
        "size": 225,
        "mode": 420
      },
      {
        "path": "adminWww/assets/Amplifier-25Guwmsj.js",
        "size": 3180,
        "mode": 420
      },
      {
        "path": "adminWww/assets/Anteroom-BCnZwT5D.svg",
        "size": 8779,
        "mode": 420
      },
      {
        "path": "adminWww/assets/Anteroom-DPbAOJ_i.js",
        "size": 87,
        "mode": 420
      },
      {
        "path": "adminWww/assets/Apartment Building-HW0f75vl.js",
        "size": 680,
        "mode": 420
      },
      {
        "path": "adminWww/assets/assertThisInitialized-B0aQ9eG_.js",
        "size": 1520,
        "mode": 420
      },
      {
        "path": "adminWww/assets/Attic-CGXtMIdp.js",
        "size": 2031,
        "mode": 420
      },
      {
        "path": "adminWww/assets/Awnings-Co-hmfUH.js",
        "size": 2236,
        "mode": 420
      },
      {
        "path": "adminWww/assets/Balcony-DfK6N3aX.js",
        "size": 4528,
        "mode": 420
      },
      {
        "path": "adminWww/assets/Barn-Lc8i72_q.js",
        "size": 3836,
        "mode": 420
      },
      {
        "path": "adminWww/assets/Basement-DPN5xOB9.js",
        "size": 1639,
        "mode": 420
      },
      {
        "path": "adminWww/assets/Bathroom-DzUiTIHs.js",
        "size": 3610,
        "mode": 420
      },
      {
        "path": "adminWww/assets/Battery Status-B87Kvv-I.js",
        "size": 3831,
        "mode": 420
      },
      {
        "path": "adminWww/assets/Bedroom-xMBCTCFq.js",
        "size": 1045,
        "mode": 420
      },
      {
        "path": "adminWww/assets/blue-CagzI6CQ.js",
        "size": 225,
        "mode": 420
      },
      {
        "path": "adminWww/assets/Boiler Room-Bor2zD5L.js",
        "size": 3258,
        "mode": 420
      },
      {
        "path": "adminWww/assets/bootstrap-COulQZax-v84.js",
        "size": 2971075,
        "mode": 420
      },
      {
        "path": "adminWww/assets/bootstrap-COulQZax.js",
        "size": 45,
        "mode": 420
      },
      {
        "path": "adminWww/assets/bootstrap-D57bMhRi.css",
        "size": 3815,
        "mode": 420
      },
      {
        "path": "adminWww/assets/Carport-C8HtrUXH.js",
        "size": 1602,
        "mode": 420
      },
      {
        "path": "adminWww/assets/Ceiling Spotlights-DtqldpdR.js",
        "size": 2350,
        "mode": 420
      },
      {
        "path": "adminWww/assets/Cellar-CcNx3DhR.svg",
        "size": 9051,
        "mode": 420
      },
      {
        "path": "adminWww/assets/Cellar-DRGc9D6m.js",
        "size": 85,
        "mode": 420
      },
      {
        "path": "adminWww/assets/Chamber-D3f_uF0H.js",
        "size": 3237,
        "mode": 420
      },
      {
        "path": "adminWww/assets/Chandelier-Cd8E2Wtu.js",
        "size": 4239,
        "mode": 420
      },
      {
        "path": "adminWww/assets/Climate-BgafUEB4.svg",
        "size": 4219,
        "mode": 420
      },
      {
        "path": "adminWww/assets/Climate-D413u9id.js",
        "size": 86,
        "mode": 420
      },
      {
        "path": "adminWww/assets/Coffee Makers-KF4ZcNxS.js",
        "size": 2293,
        "mode": 420
      },
      {
        "path": "adminWww/assets/Cold Water-CkeFWerW.js",
        "size": 3042,
        "mode": 420
      },
      {
        "path": "adminWww/assets/Computer-BTE1qsMK.js",
        "size": 2010,
        "mode": 420
      },
      {
        "path": "adminWww/assets/Config-hHK2UzGP-v84.js",
        "size": 14267,
        "mode": 420
      },
      {
        "path": "adminWww/assets/Config-hHK2UzGP.js",
        "size": 14267,
        "mode": 420
      },
      {
        "path": "adminWww/assets/Consumption-kn0jqZNL.js",
        "size": 2724,
        "mode": 420
      },
      {
        "path": "adminWww/assets/Corridor-CasyPy4F.js",
        "size": 87,
        "mode": 420
      },
      {
        "path": "adminWww/assets/createSvgIcon-CfRgdNUH.js",
        "size": 7518,
        "mode": 420
      },
      {
        "path": "adminWww/assets/createTheme-DFX8CY6F.js",
        "size": 43522,
        "mode": 420
      },
      {
        "path": "adminWww/assets/Curtains-CHoQr379.js",
        "size": 3808,
        "mode": 420
      },
      {
        "path": "adminWww/assets/CustomModal-CqDLqryN.js",
        "size": 2375,
        "mode": 420
      },
      {
        "path": "adminWww/assets/CustomTab-B0wqoazH-v84.js",
        "size": 7027,
        "mode": 420
      },
      {
        "path": "adminWww/assets/CustomTab-B0wqoazH.js",
        "size": 55,
        "mode": 420
      },
      {
        "path": "adminWww/assets/DefaultPropsProvider-BiXBMQYQ.js",
        "size": 2214,
        "mode": 420
      },
      {
        "path": "adminWww/assets/defaultTheme-Cx_JJUAa.js",
        "size": 74,
        "mode": 420
      },
      {
        "path": "adminWww/assets/DeviceManager-BFmQeYQ1-v84.js",
        "size": 1972,
        "mode": 420
      },
      {
        "path": "adminWww/assets/DeviceManager-BFmQeYQ1.js",
        "size": 59,
        "mode": 420
      },
      {
        "path": "adminWww/assets/Dining Area-9890E2Je.js",
        "size": 3890,
        "mode": 420
      },
      {
        "path": "adminWww/assets/Dining Room-9890E2Je.js",
        "size": 3890,
        "mode": 420
      },
      {
        "path": "adminWww/assets/Dining-9890E2Je.js",
        "size": 3890,
        "mode": 420
      },
      {
        "path": "adminWww/assets/Dishwashers-B-Sw8Agt.js",
        "size": 90,
        "mode": 420
      },
      {
        "path": "adminWww/assets/Dishwashers-ukkJyBxN.svg",
        "size": 4326,
        "mode": 420
      },
      {
        "path": "adminWww/assets/Doors-CGplwj0G.js",
        "size": 959,
        "mode": 420
      },
      {
        "path": "adminWww/assets/Doorstep-CDxK6WGU.js",
        "size": 3005,
        "mode": 420
      },
      {
        "path": "adminWww/assets/Dressing Room-Dr_mWZjM.js",
        "size": 4368,
        "mode": 420
      },
      {
        "path": "adminWww/assets/Driveway-BehcXrKD.js",
        "size": 87,
        "mode": 420
      },
      {
        "path": "adminWww/assets/Driveway-Ds2bQhX-.svg",
        "size": 6972,
        "mode": 420
      },
      {
        "path": "adminWww/assets/Dryer-Cq6roMKB.js",
        "size": 2706,
        "mode": 420
      },
      {
        "path": "adminWww/assets/EasyMode-B1d9Vdc4-v84.js",
        "size": 6091,
        "mode": 420
      },
      {
        "path": "adminWww/assets/EasyMode-B1d9Vdc4.js",
        "size": 54,
        "mode": 420
      },
      {
        "path": "adminWww/assets/echarts-BDq-rBJC.png",
        "size": 5816,
        "mode": 420
      },
      {
        "path": "adminWww/assets/emotion-cache.browser.esm-BgJfNZJN.js",
        "size": 9866,
        "mode": 420
      },
      {
        "path": "adminWww/assets/emotion-react.browser.esm-DrKG52pD.js",
        "size": 7675,
        "mode": 420
      },
      {
        "path": "adminWww/assets/emotion-serialize.esm-Q4o_CgeF.js",
        "size": 3187,
        "mode": 420
      },
      {
        "path": "adminWww/assets/emotion-styled.browser.esm-DOdpWCne.js",
        "size": 7650,
        "mode": 420
      },
      {
        "path": "adminWww/assets/emotion-use-insertion-effect-with-fallbacks.browser.esm-D9zECpgL.js",
        "size": 636,
        "mode": 420
      },
      {
        "path": "adminWww/assets/en-US-DBFJNIH6.js",
        "size": 8193,
        "mode": 420
      },
      {
        "path": "adminWww/assets/Entrance-BYqUyt1q.js",
        "size": 87,
        "mode": 420
      },
      {
        "path": "adminWww/assets/Entrance-C7nWCpgl.svg",
        "size": 4195,
        "mode": 420
      },
      {
        "path": "adminWww/assets/Enums-DbWYxKOo-v84.js",
        "size": 83445,
        "mode": 420
      },
      {
        "path": "adminWww/assets/Enums-DbWYxKOo.js",
        "size": 51,
        "mode": 420
      },
      {
        "path": "adminWww/assets/Equipment Room-B5AsGJCs.js",
        "size": 93,
        "mode": 420
      },
      {
        "path": "adminWww/assets/Equipment Room-TfVcmx_W.svg",
        "size": 6934,
        "mode": 420
      },
      {
        "path": "adminWww/assets/ext-language_tools-ylAoucDh.js",
        "size": 98793,
        "mode": 420
      },
      {
        "path": "adminWww/assets/extends-CF3RwP-h.js",
        "size": 232,
        "mode": 420
      },
      {
        "path": "adminWww/assets/Fan-JaXmdymA.js",
        "size": 1975,
        "mode": 420
      },
      {
        "path": "adminWww/assets/Fields-CX3rKuWb-v84.js",
        "size": 2694,
        "mode": 420
      },
      {
        "path": "adminWww/assets/Fields-CX3rKuWb.js",
        "size": 2694,
        "mode": 420
      },
      {
        "path": "adminWww/assets/Files-Cd2HOzIE-v84.js",
        "size": 45865,
        "mode": 420
      },
      {
        "path": "adminWww/assets/Files-Cd2HOzIE.js",
        "size": 51,
        "mode": 420
      },
      {
        "path": "adminWww/assets/Flat-DIm-i9rK.js",
        "size": 3364,
        "mode": 420
      },
      {
        "path": "adminWww/assets/Floor Lamps-CRZ476zt.js",
        "size": 1149,
        "mode": 420
      },
      {
        "path": "adminWww/assets/Front Yard-7bZ4bXgS.svg",
        "size": 6728,
        "mode": 420
      },
      {
        "path": "adminWww/assets/Front Yard-CsV9sTio.js",
        "size": 89,
        "mode": 420
      },
      {
        "path": "adminWww/assets/Gallery-BEeOHkIW.svg",
        "size": 6081,
        "mode": 420
      },
      {
        "path": "adminWww/assets/Gallery-Cz16BrQ3.js",
        "size": 86,
        "mode": 420
      },
      {
        "path": "adminWww/assets/Garage Doors-CkWxHxVX.js",
        "size": 776,
        "mode": 420
      },
      {
        "path": "adminWww/assets/Garage-BxcK0Mpu.js",
        "size": 1905,
        "mode": 420
      },
      {
        "path": "adminWww/assets/Garden-C1wfb2Zv.svg",
        "size": 6154,
        "mode": 420
      },
      {
        "path": "adminWww/assets/Garden-C67u1ESp.js",
        "size": 85,
        "mode": 420
      },
      {
        "path": "adminWww/assets/Gates-C78n8Uvq.js",
        "size": 3116,
        "mode": 420
      },
      {
        "path": "adminWww/assets/geosearch.module-BA4ww39P.js",
        "size": 27529,
        "mode": 420
      },
      {
        "path": "adminWww/assets/Google-Cq8JZDSn.js",
        "size": 139896,
        "mode": 420
      },
      {
        "path": "adminWww/assets/Ground Floor-0zPWVd6I.js",
        "size": 91,
        "mode": 420
      },
      {
        "path": "adminWww/assets/Ground Floor-C3WGH1kZ.svg",
        "size": 10465,
        "mode": 420
      },
      {
        "path": "adminWww/assets/group1-CmFsZszo.svg",
        "size": 8788,
        "mode": 420
      },
      {
        "path": "adminWww/assets/group1-DBYxcyxq.js",
        "size": 85,
        "mode": 420
      },
      {
        "path": "adminWww/assets/group2-BUQSell7.js",
        "size": 85,
        "mode": 420
      },
      {
        "path": "adminWww/assets/group2-CuvSswwx.svg",
        "size": 12061,
        "mode": 420
      },
      {
        "path": "adminWww/assets/group3-B0AdMrOp.js",
        "size": 85,
        "mode": 420
      },
      {
        "path": "adminWww/assets/group3-COTQs_Rv.svg",
        "size": 11751,
        "mode": 420
      },
      {
        "path": "adminWww/assets/group4-m2Zjf7r0.svg",
        "size": 8261,
        "mode": 420
      },
      {
        "path": "adminWww/assets/group4-TeCgDok7.js",
        "size": 85,
        "mode": 420
      },
      {
        "path": "adminWww/assets/group5-CJ_-VPxg.js",
        "size": 85,
        "mode": 420
      },
      {
        "path": "adminWww/assets/group5-T3CGkJFm.svg",
        "size": 7556,
        "mode": 420
      },
      {
        "path": "adminWww/assets/group6-CLVorg7G.svg",
        "size": 11446,
        "mode": 420
      },
      {
        "path": "adminWww/assets/group6-JW-nEhw_.js",
        "size": 85,
        "mode": 420
      },
      {
        "path": "adminWww/assets/group7-CWpVuR4T.js",
        "size": 85,
        "mode": 420
      },
      {
        "path": "adminWww/assets/group7-D-h4KR6w.svg",
        "size": 10357,
        "mode": 420
      },
      {
        "path": "adminWww/assets/group8-BXzJmR7Y.svg",
        "size": 24175,
        "mode": 420
      },
      {
        "path": "adminWww/assets/group8-CRGBxCwd.js",
        "size": 85,
        "mode": 420
      },
      {
        "path": "adminWww/assets/group9-BXRQchYG.js",
        "size": 2154,
        "mode": 420
      },
      {
        "path": "adminWww/assets/group10-BIcZMfE3.js",
        "size": 86,
        "mode": 420
      },
      {
        "path": "adminWww/assets/group10-Dp9tRs6I.svg",
        "size": 14688,
        "mode": 420
      },
      {
        "path": "adminWww/assets/Guest Bathroom-DSAlkwqV.js",
        "size": 2303,
        "mode": 420
      },
      {
        "path": "adminWww/assets/Guest Room-DijMrEih.js",
        "size": 3323,
        "mode": 420
      },
      {
        "path": "adminWww/assets/Gym-D5EhuzLI.js",
        "size": 4409,
        "mode": 420
      },
      {
        "path": "adminWww/assets/Hairdryer-CWFjS2Ij.js",
        "size": 2251,
        "mode": 420
      },
      {
        "path": "adminWww/assets/Hall-BXwSgCh7.js",
        "size": 1629,
        "mode": 420
      },
      {
        "path": "adminWww/assets/Handle-wHYWJ26z.js",
        "size": 1219,
        "mode": 420
      },
      {
        "path": "adminWww/assets/Hanging Lamps-MotocLIk.js",
        "size": 1584,
        "mode": 420
      },
      {
        "path": "adminWww/assets/Heater-ceSMUh-t.js",
        "size": 85,
        "mode": 420
      },
      {
        "path": "adminWww/assets/Heater-oN6ojaUX.svg",
        "size": 4331,
        "mode": 420
      },
      {
        "path": "adminWww/assets/Home Theater-BcYqHMU1.js",
        "size": 91,
        "mode": 420
      },
      {
        "path": "adminWww/assets/Home Theater-BQrgVzZw.svg",
        "size": 6997,
        "mode": 420
      },
      {
        "path": "adminWww/assets/Hoods-Bz4IVHgt.js",
        "size": 3003,
        "mode": 420
      },
      {
        "path": "adminWww/assets/hostInit-OBG53iVO.js",
        "size": 35,
        "mode": 420
      },
      {
        "path": "adminWww/assets/hostInit-v84.js",
        "size": 442,
        "mode": 420
      },
      {
        "path": "adminWww/assets/Hosts-Bg8QzW5i-v84.js",
        "size": 146012,
        "mode": 420
      },
      {
        "path": "adminWww/assets/Hosts-Bg8QzW5i.js",
        "size": 51,
        "mode": 420
      },
      {
        "path": "adminWww/assets/Hot Water-HJAmxfSV.js",
        "size": 3587,
        "mode": 420
      },
      {
        "path": "adminWww/assets/Humidity-Ck1f_Evq.svg",
        "size": 4162,
        "mode": 420
      },
      {
        "path": "adminWww/assets/Humidity-CVLTW-gm.js",
        "size": 87,
        "mode": 420
      },
      {
        "path": "adminWww/assets/iconBase-2IlPecPg.js",
        "size": 2524,
        "mode": 420
      },
      {
        "path": "adminWww/assets/index-4wMOc304.js",
        "size": 6925,
        "mode": 420
      },
      {
        "path": "adminWww/assets/index-8HslT92O.js",
        "size": 27051,
        "mode": 420
      },
      {
        "path": "adminWww/assets/index-8JYjTPhv.js",
        "size": 271991,
        "mode": 420
      },
      {
        "path": "adminWww/assets/index-bCuipom1.js",
        "size": 96369,
        "mode": 420
      },
      {
        "path": "adminWww/assets/index-BmNcalFW.js",
        "size": 5054,
        "mode": 420
      },
      {
        "path": "adminWww/assets/index-C_anklzA.js",
        "size": 62211,
        "mode": 420
      },
      {
        "path": "adminWww/assets/index-CkI9667U.js",
        "size": 24583,
        "mode": 420
      },
      {
        "path": "adminWww/assets/index-Cqq5gIUF.js",
        "size": 33889,
        "mode": 420
      },
      {
        "path": "adminWww/assets/index-CQZugZ1z-v84.js",
        "size": 2315,
        "mode": 420
      },
      {
        "path": "adminWww/assets/index-CQZugZ1z.js",
        "size": 41,
        "mode": 420
      },
      {
        "path": "adminWww/assets/index-CXZCHHB6.js",
        "size": 60868,
        "mode": 420
      },
      {
        "path": "adminWww/assets/index-D2Em8S_O.js",
        "size": 134290,
        "mode": 420
      },
      {
        "path": "adminWww/assets/index-D2ymscJA-v84.js",
        "size": 1586904,
        "mode": 420
      },
      {
        "path": "adminWww/assets/index-D2ymscJA.js",
        "size": 41,
        "mode": 420
      },
      {
        "path": "adminWww/assets/index-D9Ej0pc9.js",
        "size": 16873,
        "mode": 420
      },
      {
        "path": "adminWww/assets/index-DcK0RDrH.js",
        "size": 807,
        "mode": 420
      },
      {
        "path": "adminWww/assets/index-jy_3EbfW.js",
        "size": 3870114,
        "mode": 420
      },
      {
        "path": "adminWww/assets/index-mSK_krgD.js",
        "size": 389554,
        "mode": 420
      },
      {
        "path": "adminWww/assets/index-uASdmaE6.js",
        "size": 205489,
        "mode": 420
      },
      {
        "path": "adminWww/assets/Instances-YdaGnS5a-v84.js",
        "size": 194322,
        "mode": 420
      },
      {
        "path": "adminWww/assets/Instances-YdaGnS5a.js",
        "size": 55,
        "mode": 420
      },
      {
        "path": "adminWww/assets/Intro-DkwRiz1n-v84.js",
        "size": 42736,
        "mode": 420
      },
      {
        "path": "adminWww/assets/Intro-DkwRiz1n.js",
        "size": 51,
        "mode": 420
      },
      {
        "path": "adminWww/assets/iobroker_admin__loadShare___mf_0_emotion_mf_1_react__loadShare__-BywLg1Xe.js",
        "size": 273,
        "mode": 420
      },
      {
        "path": "adminWww/assets/iobroker_admin__loadShare___mf_0_iobroker_mf_1_adapter_mf_2_react_mf_2_v5__loadShare__-LFZoiUTt.js",
        "size": 729,
        "mode": 420
      },
      {
        "path": "adminWww/assets/iobroker_admin__loadShare___mf_0_iobroker_mf_1_json_mf_2_config__loadShare__-CpA7pnS5.js",
        "size": 280,
        "mode": 420
      },
      {
        "path": "adminWww/assets/iobroker_admin__loadShare___mf_0_mui_mf_1_icons_mf_2_material__loadShare__-CJO5yP3h.js",
        "size": 914,
        "mode": 420
      },
      {
        "path": "adminWww/assets/iobroker_admin__loadShare__leaflet__loadShare__-CNUAG3AH.js",
        "size": 367,
        "mode": 420
      },
      {
        "path": "adminWww/assets/iobroker_admin__loadShare__react__loadShare__-LM7uyL45.js",
        "size": 715,
        "mode": 420
      },
      {
        "path": "adminWww/assets/iobroker_admin__loadShare__react_mf_2_dom__loadShare__-CVeAXnkk.js",
        "size": 334,
        "mode": 420
      },
      {
        "path": "adminWww/assets/iobroker_admin__loadShare__react_mf_2_dropzone__loadShare__-CwjnV48g.js",
        "size": 344,
        "mode": 420
      },
      {
        "path": "adminWww/assets/iobroker_admin__mf_v__runtimeInit__mf_v__-g2X2zhAf.js",
        "size": 71163,
        "mode": 420
      },
      {
        "path": "adminWww/assets/Iron-BmVcdQDM.js",
        "size": 3677,
        "mode": 420
      },
      {
        "path": "adminWww/assets/Irrigation-BhJPKg6k.js",
        "size": 89,
        "mode": 420
      },
      {
        "path": "adminWww/assets/Irrigation-DyPFlYm5.svg",
        "size": 8765,
        "mode": 420
      },
      {
        "path": "adminWww/assets/isSameWeek-DzRXk46v.js",
        "size": 142,
        "mode": 420
      },
      {
        "path": "adminWww/assets/Kitchen-CfzTeEPK.js",
        "size": 2748,
        "mode": 420
      },
      {
        "path": "adminWww/assets/Laundry Room-zhlszIKu.js",
        "size": 2154,
        "mode": 420
      },
      {
        "path": "adminWww/assets/leaflet-src-B651YTWC.js",
        "size": 149872,
        "mode": 420
      },
      {
        "path": "adminWww/assets/Led Strip-BcmH_zbj.js",
        "size": 3689,
        "mode": 420
      },
      {
        "path": "adminWww/assets/Light-ChIiCfYD.js",
        "size": 84,
        "mode": 420
      },
      {
        "path": "adminWww/assets/Light-D-PLOjiE.svg",
        "size": 6426,
        "mode": 420
      },
      {
        "path": "adminWww/assets/Lightings-C0WZ69yF.js",
        "size": 88,
        "mode": 420
      },
      {
        "path": "adminWww/assets/Lightings-yVkfbnXC.svg",
        "size": 4677,
        "mode": 420
      },
      {
        "path": "adminWww/assets/list-C2A06nPE.js",
        "size": 13293,
        "mode": 420
      },
      {
        "path": "adminWww/assets/Living Area-CB250xNe.svg",
        "size": 4684,
        "mode": 420
      },
      {
        "path": "adminWww/assets/Living Area-CqhYSGQI.js",
        "size": 90,
        "mode": 420
      },
      {
        "path": "adminWww/assets/Living Room-C7AE21A_.js",
        "size": 3125,
        "mode": 420
      },
      {
        "path": "adminWww/assets/locale-CLe3aX4T.js",
        "size": 621705,
        "mode": 420
      },
      {
        "path": "adminWww/assets/Lock-BMJY64TO.js",
        "size": 1807,
        "mode": 420
      },
      {
        "path": "adminWww/assets/Locker Room-CyyDtimo.js",
        "size": 4340,
        "mode": 420
      },
      {
        "path": "adminWww/assets/Logs-CsVPSLJH-v84.js",
        "size": 21102,
        "mode": 420
      },
      {
        "path": "adminWww/assets/Logs-CsVPSLJH.js",
        "size": 50,
        "mode": 420
      },
      {
        "path": "adminWww/assets/longLogo-Cq2C5cCK.svg",
        "size": 10475,
        "mode": 420
      },
      {
        "path": "adminWww/assets/Louvre-2ag13BIo.svg",
        "size": 4646,
        "mode": 420
      },
      {
        "path": "adminWww/assets/Louvre-C5YcNLVm.js",
        "size": 85,
        "mode": 420
      },
      {
        "path": "adminWww/assets/material-nACPaH8J.woff",
        "size": 64000,
        "mode": 420
      },
      {
        "path": "adminWww/assets/material-peAUziEw.woff2",
        "size": 60832,
        "mode": 420
      },
      {
        "path": "adminWww/assets/Mowing Machine-8EOTsqgg.js",
        "size": 2676,
        "mode": 420
      },
      {
        "path": "adminWww/assets/Music-GTFyD3_A.js",
        "size": 4328,
        "mode": 420
      },
      {
        "path": "adminWww/assets/Nursery-Cxrv-xmv.js",
        "size": 2426,
        "mode": 420
      },
      {
        "path": "adminWww/assets/Objects-BwKcXIZw.css",
        "size": 74407,
        "mode": 420
      },
      {
        "path": "adminWww/assets/Objects-DPan0bzw-v84.js",
        "size": 3323377,
        "mode": 420
      },
      {
        "path": "adminWww/assets/Objects-DPan0bzw.js",
        "size": 53,
        "mode": 420
      },
      {
        "path": "adminWww/assets/Office-CIXVNXkh.js",
        "size": 2947,
        "mode": 420
      },
      {
        "path": "adminWww/assets/Outdoor Blinds-CXkkQc7j.js",
        "size": 764,
        "mode": 420
      },
      {
        "path": "adminWww/assets/Outdoors-BL5-A5jB.js",
        "size": 1984,
        "mode": 420
      },
      {
        "path": "adminWww/assets/People-D60rnvXq.js",
        "size": 1913,
        "mode": 420
      },
      {
        "path": "adminWww/assets/pl-Dib-_u5L.js",
        "size": 66954,
        "mode": 420
      },
      {
        "path": "adminWww/assets/Playroom-Cq-XMXTL.js",
        "size": 2739,
        "mode": 420
      },
      {
        "path": "adminWww/assets/Pool-DA49roJI.js",
        "size": 83,
        "mode": 420
      },
      {
        "path": "adminWww/assets/Pool-DLG0SZJN.js",
        "size": 83,
        "mode": 420
      },
      {
        "path": "adminWww/assets/Pool-jdz5Y8AB.svg",
        "size": 4582,
        "mode": 420
      },
      {
        "path": "adminWww/assets/Power Consumption-CKf-DuPt.js",
        "size": 1892,
        "mode": 420
      },
      {
        "path": "adminWww/assets/preload-helper-BDBacUwf.js",
        "size": 1264,
        "mode": 420
      },
      {
        "path": "adminWww/assets/Printer-BBdg5KQ0.js",
        "size": 1824,
        "mode": 420
      },
      {
        "path": "adminWww/assets/Pump-CAMAGxMm.svg",
        "size": 4943,
        "mode": 420
      },
      {
        "path": "adminWww/assets/Pump-qElQ0u4I.js",
        "size": 83,
        "mode": 420
      },
      {
        "path": "adminWww/assets/Rear Wall-BNvjPc7z.js",
        "size": 3224,
        "mode": 420
      },
      {
        "path": "adminWww/assets/Receiver-CM3as5YE.js",
        "size": 2596,
        "mode": 420
      },
      {
        "path": "adminWww/assets/Sconces-C-gkKtaK.js",
        "size": 4104,
        "mode": 420
      },
      {
        "path": "adminWww/assets/sdk-C-e-e2gd.js",
        "size": 132575,
        "mode": 420
      },
      {
        "path": "adminWww/assets/Second Floor-G72pwGsQ.svg",
        "size": 10463,
        "mode": 420
      },
      {
        "path": "adminWww/assets/Second Floor-V-mYDL2A.js",
        "size": 91,
        "mode": 420
      },
      {
        "path": "adminWww/assets/Security-BD-3hOtV.js",
        "size": 3491,
        "mode": 420
      },
      {
        "path": "adminWww/assets/sentry-B7YeoTAx-v84.js",
        "size": 4298,
        "mode": 420
      },
      {
        "path": "adminWww/assets/sentry-B7YeoTAx.js",
        "size": 4298,
        "mode": 420
      },
      {
        "path": "adminWww/assets/setYear-3ufv5yRD.js",
        "size": 37550,
        "mode": 420
      },
      {
        "path": "adminWww/assets/Shading-BYTX3uGs.js",
        "size": 1617,
        "mode": 420
      },
      {
        "path": "adminWww/assets/Shed-liUNwlvT.js",
        "size": 1425,
        "mode": 420
      },
      {
        "path": "adminWww/assets/Shutters-C0RWQwOf.js",
        "size": 87,
        "mode": 420
      },
      {
        "path": "adminWww/assets/Shutters-HpXYtyYZ.svg",
        "size": 4847,
        "mode": 420
      },
      {
        "path": "adminWww/assets/Sleeping Area-41NoHRj5.js",
        "size": 2158,
        "mode": 420
      },
      {
        "path": "adminWww/assets/SmokeDetector-BI7HtY1L.js",
        "size": 3365,
        "mode": 420
      },
      {
        "path": "adminWww/assets/Sockets-DGwEYIEX.js",
        "size": 1150,
        "mode": 420
      },
      {
        "path": "adminWww/assets/Speaker-DYDUjQxp.js",
        "size": 3078,
        "mode": 420
      },
      {
        "path": "adminWww/assets/Stairway-DlYPygtf.js",
        "size": 3381,
        "mode": 420
      },
      {
        "path": "adminWww/assets/Stairwell-DbZPzEAa.js",
        "size": 1323,
        "mode": 420
      },
      {
        "path": "adminWww/assets/State-qCI8JACH.js",
        "size": 684,
        "mode": 420
      },
      {
        "path": "adminWww/assets/Storeroom-DVXZ_Y0f.js",
        "size": 1951,
        "mode": 420
      },
      {
        "path": "adminWww/assets/Stove-C_JAiJBF.js",
        "size": 84,
        "mode": 420
      },
      {
        "path": "adminWww/assets/Stove-DGkkEz5V.svg",
        "size": 5744,
        "mode": 420
      },
      {
        "path": "adminWww/assets/Summer House-l_7dnk-K.js",
        "size": 2913,
        "mode": 420
      },
      {
        "path": "adminWww/assets/Swimming Pool-CQBR5mIg.js",
        "size": 1813,
        "mode": 420
      },
      {
        "path": "adminWww/assets/Table Lamps-G4idrhKm.js",
        "size": 2585,
        "mode": 420
      },
      {
        "path": "adminWww/assets/Temperature Sensors-BzDeIhhc.js",
        "size": 2504,
        "mode": 420
      },
      {
        "path": "adminWww/assets/Terrace-YmL9ugkA.js",
        "size": 2427,
        "mode": 420
      },
      {
        "path": "adminWww/assets/TextField-CqVU6uzA.js",
        "size": 184101,
        "mode": 420
      },
      {
        "path": "adminWww/assets/ThemeProvider-BOFFjWAF.js",
        "size": 13143,
        "mode": 420
      },
      {
        "path": "adminWww/assets/Toilet-BKoDvjLo.js",
        "size": 2514,
        "mode": 420
      },
      {
        "path": "adminWww/assets/Tv-GicrNRwV.js",
        "size": 1608,
        "mode": 420
      },
      {
        "path": "adminWww/assets/Upstairs-W8fYn1Q6.js",
        "size": 531,
        "mode": 420
      },
      {
        "path": "adminWww/assets/user1-BFYoPwj1.svg",
        "size": 9647,
        "mode": 420
      },
      {
        "path": "adminWww/assets/user1-BHHH0LIq.js",
        "size": 84,
        "mode": 420
      },
      {
        "path": "adminWww/assets/user2-BN56rMPt.js",
        "size": 84,
        "mode": 420
      },
      {
        "path": "adminWww/assets/user2-kVvfO6hI.svg",
        "size": 4907,
        "mode": 420
      },
      {
        "path": "adminWww/assets/user3-B1MPu8jB.svg",
        "size": 5301,
        "mode": 420
      },
      {
        "path": "adminWww/assets/user3-Mx6XZSLK.js",
        "size": 84,
        "mode": 420
      },
      {
        "path": "adminWww/assets/user4-DmVDIOoi.svg",
        "size": 5493,
        "mode": 420
      },
      {
        "path": "adminWww/assets/user4-DpEs_YiD.js",
        "size": 84,
        "mode": 420
      },
      {
        "path": "adminWww/assets/user5-CVfrnlXE.js",
        "size": 84,
        "mode": 420
      },
      {
        "path": "adminWww/assets/user5-DwFpzcW1.svg",
        "size": 4192,
        "mode": 420
      },
      {
        "path": "adminWww/assets/user6-C7HkYnq4.js",
        "size": 84,
        "mode": 420
      },
      {
        "path": "adminWww/assets/user6-DHgFm0fc.svg",
        "size": 7893,
        "mode": 420
      },
      {
        "path": "adminWww/assets/user7-DkJFgUmb.svg",
        "size": 5151,
        "mode": 420
      },
      {
        "path": "adminWww/assets/user7-VAQcubFn.js",
        "size": 84,
        "mode": 420
      },
      {
        "path": "adminWww/assets/user8-BOYrpMoH.svg",
        "size": 6523,
        "mode": 420
      },
      {
        "path": "adminWww/assets/user8-CwACr_jq.js",
        "size": 84,
        "mode": 420
      },
      {
        "path": "adminWww/assets/user9-BLdaSIG0.svg",
        "size": 6874,
        "mode": 420
      },
      {
        "path": "adminWww/assets/user9-Dk4Mlhcc.js",
        "size": 84,
        "mode": 420
      },
      {
        "path": "adminWww/assets/user10-Dvmqf8l1.js",
        "size": 85,
        "mode": 420
      },
      {
        "path": "adminWww/assets/user10-DvWuZ_uc.svg",
        "size": 5301,
        "mode": 420
      },
      {
        "path": "adminWww/assets/user11-C8ly5pY7.js",
        "size": 85,
        "mode": 420
      },
      {
        "path": "adminWww/assets/user11-Ch5DvO34.svg",
        "size": 7048,
        "mode": 420
      },
      {
        "path": "adminWww/assets/user12-CHtaF3qG.js",
        "size": 85,
        "mode": 420
      },
      {
        "path": "adminWww/assets/user12-DEiNnJWd.svg",
        "size": 7880,
        "mode": 420
      },
      {
        "path": "adminWww/assets/Users-BgnBRgwU-v84.js",
        "size": 29944,
        "mode": 420
      },
      {
        "path": "adminWww/assets/Users-BgnBRgwU.js",
        "size": 51,
        "mode": 420
      },
      {
        "path": "adminWww/assets/useTheme-Bl-M1DYp.js",
        "size": 410,
        "mode": 420
      },
      {
        "path": "adminWww/assets/useTheme-CUNq4tF-.js",
        "size": 261,
        "mode": 420
      },
      {
        "path": "adminWww/assets/Vacuum Cleaner-BazNfd2m.js",
        "size": 4220,
        "mode": 420
      },
      {
        "path": "adminWww/assets/Ventilation-D7F0rbZK.js",
        "size": 2731,
        "mode": 420
      },
      {
        "path": "adminWww/assets/virtualExposes-BIHI7g3E.js",
        "size": 33,
        "mode": 420
      },
      {
        "path": "adminWww/assets/Wardrobe-0A_Xfr0y.svg",
        "size": 5561,
        "mode": 420
      },
      {
        "path": "adminWww/assets/Wardrobe-Bns8F0nU.js",
        "size": 87,
        "mode": 420
      },
      {
        "path": "adminWww/assets/Washing Machines-DcDxpz1D.svg",
        "size": 4619,
        "mode": 420
      },
      {
        "path": "adminWww/assets/Washing Machines-DyIMTxKc.js",
        "size": 95,
        "mode": 420
      },
      {
        "path": "adminWww/assets/Washroom-BqiNyqrk.js",
        "size": 2183,
        "mode": 420
      },
      {
        "path": "adminWww/assets/Water Consumption-C0sLvwRF.js",
        "size": 1523,
        "mode": 420
      },
      {
        "path": "adminWww/assets/Water Heater-Byq4Q86V.js",
        "size": 1669,
        "mode": 420
      },
      {
        "path": "adminWww/assets/Water-Dcu-ZixL.js",
        "size": 3977,
        "mode": 420
      },
      {
        "path": "adminWww/assets/Wc-BKoDvjLo.js",
        "size": 2514,
        "mode": 420
      },
      {
        "path": "adminWww/assets/Weather-pQkhBG6o.js",
        "size": 2289,
        "mode": 420
      },
      {
        "path": "adminWww/assets/Window-B0emTnKi.js",
        "size": 1036,
        "mode": 420
      },
      {
        "path": "adminWww/assets/Windscreen-BOfsyYOM.svg",
        "size": 5547,
        "mode": 420
      },
      {
        "path": "adminWww/assets/Windscreen-x8wYPJWL.js",
        "size": 89,
        "mode": 420
      },
      {
        "path": "adminWww/assets/wizard-finish-B2y4teLv.jpg",
        "size": 195745,
        "mode": 420
      },
      {
        "path": "adminWww/assets/wizard-welcome-BhniCBF1.jpg",
        "size": 1096897,
        "mode": 420
      },
      {
        "path": "adminWww/assets/Workshop-CKHcsro_.js",
        "size": 3937,
        "mode": 420
      },
      {
        "path": "adminWww/assets/Workspace-DS72Rvmo.js",
        "size": 3839,
        "mode": 420
      },
      {
        "path": "adminWww/assets/zh-cn-nUtvS7Wc.js",
        "size": 144223,
        "mode": 420
      },
      {
        "path": "adminWww/css/adapter.css",
        "size": 33285,
        "mode": 420
      },
      {
        "path": "adminWww/css/adapter.css.map",
        "size": 59706,
        "mode": 420
      },
      {
        "path": "adminWww/css/admin.css",
        "size": 20918,
        "mode": 420
      },
      {
        "path": "adminWww/css/admin.css.map",
        "size": 35597,
        "mode": 420
      },
      {
        "path": "adminWww/css/app.css",
        "size": 88716,
        "mode": 420
      },
      {
        "path": "adminWww/css/app.css.map",
        "size": 168888,
        "mode": 420
      },
      {
        "path": "adminWww/css/eos-auto-update.css",
        "size": 2719,
        "mode": 420
      },
      {
        "path": "adminWww/css/eos-ems-overview.css",
        "size": 6195,
        "mode": 420
      },
      {
        "path": "adminWww/css/images/layers-2x.png",
        "size": 1259,
        "mode": 420
      },
      {
        "path": "adminWww/css/images/layers.png",
        "size": 696,
        "mode": 420
      },
      {
        "path": "adminWww/css/images/marker-icon-2x.png",
        "size": 2464,
        "mode": 420
      },
      {
        "path": "adminWww/css/images/marker-icon.png",
        "size": 1466,
        "mode": 420
      },
      {
        "path": "adminWww/css/images/marker-shadow.png",
        "size": 618,
        "mode": 420
      },
      {
        "path": "adminWww/css/leaflet.css",
        "size": 14375,
        "mode": 420
      },
      {
        "path": "adminWww/css/nexowatt-native-shell.css",
        "size": 78127,
        "mode": 420
      },
      {
        "path": "adminWww/favicon.ico",
        "size": 76285,
        "mode": 420
      },
      {
        "path": "adminWww/img/admin.png",
        "size": 29884,
        "mode": 420
      },
      {
        "path": "adminWww/img/admin.svg",
        "size": 40087,
        "mode": 420
      },
      {
        "path": "adminWww/img/browserError.png",
        "size": 88820,
        "mode": 420
      },
      {
        "path": "adminWww/img/eos/eos-logo.svg",
        "size": 40087,
        "mode": 420
      },
      {
        "path": "adminWww/img/eos/nexowatt-16.png",
        "size": 769,
        "mode": 420
      },
      {
        "path": "adminWww/img/eos/nexowatt-32.png",
        "size": 2259,
        "mode": 420
      },
      {
        "path": "adminWww/img/eos/nexowatt-48.png",
        "size": 4245,
        "mode": 420
      },
      {
        "path": "adminWww/img/eos/nexowatt-64.png",
        "size": 6265,
        "mode": 420
      },
      {
        "path": "adminWww/img/eos/nexowatt-120.png",
        "size": 15374,
        "mode": 420
      },
      {
        "path": "adminWww/img/eos/nexowatt-128.png",
        "size": 2942,
        "mode": 420
      },
      {
        "path": "adminWww/img/eos/nexowatt-152.png",
        "size": 21295,
        "mode": 420
      },
      {
        "path": "adminWww/img/eos/nexowatt-180.png",
        "size": 26911,
        "mode": 420
      },
      {
        "path": "adminWww/img/eos/nexowatt-192-maskable.png",
        "size": 19651,
        "mode": 420
      },
      {
        "path": "adminWww/img/eos/nexowatt-192.png",
        "size": 29884,
        "mode": 420
      },
      {
        "path": "adminWww/img/eos/nexowatt-256.png",
        "size": 45907,
        "mode": 420
      },
      {
        "path": "adminWww/img/eos/nexowatt-384.png",
        "size": 89658,
        "mode": 420
      },
      {
        "path": "adminWww/img/eos/nexowatt-512-maskable.png",
        "size": 91804,
        "mode": 420
      },
      {
        "path": "adminWww/img/eos/nexowatt-512.png",
        "size": 149798,
        "mode": 420
      },
      {
        "path": "adminWww/img/eos/nexowatt-eos-brand-wide.png",
        "size": 258077,
        "mode": 420
      },
      {
        "path": "adminWww/img/eos/nexowatt-logo.png",
        "size": 1466889,
        "mode": 420
      },
      {
        "path": "adminWww/img/le.png",
        "size": 20168,
        "mode": 420
      },
      {
        "path": "adminWww/img/logo.svg",
        "size": 40087,
        "mode": 420
      },
      {
        "path": "adminWww/img/no-image.svg",
        "size": 917,
        "mode": 420
      },
      {
        "path": "adminWww/index.html",
        "size": 7913,
        "mode": 420
      },
      {
        "path": "adminWww/js/adapter-settings.js",
        "size": 116369,
        "mode": 420
      },
      {
        "path": "adminWww/js/eos-account-management.js",
        "size": 18376,
        "mode": 420
      },
      {
        "path": "adminWww/js/eos-assistant.js",
        "size": 426,
        "mode": 420
      },
      {
        "path": "adminWww/js/eos-auto-update.js",
        "size": 7713,
        "mode": 420
      },
      {
        "path": "adminWww/js/eos-basic-settings.js",
        "size": 10293,
        "mode": 420
      },
      {
        "path": "adminWww/js/eos-branding-sanitizer.js",
        "size": 2894,
        "mode": 420
      },
      {
        "path": "adminWww/js/eos-ems-overview.js",
        "size": 22362,
        "mode": 420
      },
      {
        "path": "adminWww/js/eos-license-link.js",
        "size": 1112,
        "mode": 420
      },
      {
        "path": "adminWww/js/eos-manual-write-policy.js",
        "size": 23175,
        "mode": 420
      },
      {
        "path": "adminWww/js/eos-native-security.js",
        "size": 1833,
        "mode": 420
      },
      {
        "path": "adminWww/js/eos-policy-client.js",
        "size": 8283,
        "mode": 420
      },
      {
        "path": "adminWww/js/eos-role-bootstrap.js",
        "size": 44796,
        "mode": 420
      },
      {
        "path": "adminWww/js/eos-role-ui.js",
        "size": 43525,
        "mode": 420
      },
      {
        "path": "adminWww/js/license.js",
        "size": 7687,
        "mode": 420
      },
      {
        "path": "adminWww/js/listHeader.js",
        "size": 7553,
        "mode": 420
      },
      {
        "path": "adminWww/js/nexowatt-native-shell.js",
        "size": 13430,
        "mode": 420
      },
      {
        "path": "adminWww/js/tableEditor.js",
        "size": 20034,
        "mode": 420
      },
      {
        "path": "adminWww/js/translate.js",
        "size": 4130,
        "mode": 420
      },
      {
        "path": "adminWww/js/treeTable.js",
        "size": 37234,
        "mode": 420
      },
      {
        "path": "adminWww/lib/css/cron/jquery.cron.css",
        "size": 285,
        "mode": 420
      },
      {
        "path": "adminWww/lib/css/fancytree/channel.pdn",
        "size": 15751,
        "mode": 420
      },
      {
        "path": "adminWww/lib/css/fancytree/channel.png",
        "size": 1290,
        "mode": 420
      },
      {
        "path": "adminWww/lib/css/fancytree/device.pdn",
        "size": 16243,
        "mode": 420
      },
      {
        "path": "adminWww/lib/css/fancytree/device.png",
        "size": 1446,
        "mode": 420
      },
      {
        "path": "adminWww/lib/css/fancytree/icons.gif",
        "size": 5492,
        "mode": 420
      },
      {
        "path": "adminWww/lib/css/fancytree/loading.gif",
        "size": 3234,
        "mode": 420
      },
      {
        "path": "adminWww/lib/css/fancytree/state.pdn",
        "size": 16111,
        "mode": 420
      },
      {
        "path": "adminWww/lib/css/fancytree/state.png",
        "size": 1414,
        "mode": 420
      },
      {
        "path": "adminWww/lib/css/fancytree/ui.fancytree.min-win7.css",
        "size": 14380,
        "mode": 420
      },
      {
        "path": "adminWww/lib/css/fancytree/ui.fancytree.min.css",
        "size": 20395,
        "mode": 420
      },
      {
        "path": "adminWww/lib/css/font-awesome.min.css",
        "size": 30653,
        "mode": 420
      },
      {
        "path": "adminWww/lib/css/images/ajax-loader.gif",
        "size": 7825,
        "mode": 420
      },
      {
        "path": "adminWww/lib/css/images/icons-18-black.png",
        "size": 1968,
        "mode": 420
      },
      {
        "path": "adminWww/lib/css/images/icons-18-white.png",
        "size": 1988,
        "mode": 420
      },
      {
        "path": "adminWww/lib/css/images/icons-36-black.png",
        "size": 3859,
        "mode": 420
      },
      {
        "path": "adminWww/lib/css/images/icons-36-white.png",
        "size": 3861,
        "mode": 420
      },
      {
        "path": "adminWww/lib/css/iob/selectID.css",
        "size": 9888,
        "mode": 420
      },
      {
        "path": "adminWww/lib/css/iob/selectID.css.map",
        "size": 22460,
        "mode": 420
      },
      {
        "path": "adminWww/lib/css/jqGrid/ellipsis-xbl.xml",
        "size": 480,
        "mode": 420
      },
      {
        "path": "adminWww/lib/css/jqGrid/ui.jqgrid-4.5.4.css",
        "size": 12642,
        "mode": 420
      },
      {
        "path": "adminWww/lib/css/jquery-ui-timepicker-addon-1.2.2.css",
        "size": 487,
        "mode": 420
      },
      {
        "path": "adminWww/lib/css/jquery.multiselect-1.13.css",
        "size": 1601,
        "mode": 420
      },
      {
        "path": "adminWww/lib/css/jquery.multiselect.filter.css",
        "size": 326,
        "mode": 420
      },
      {
        "path": "adminWww/lib/css/jquery.treetable.theme.css",
        "size": 15578,
        "mode": 420
      },
      {
        "path": "adminWww/lib/css/jquery.treetable.theme.css.map",
        "size": 20465,
        "mode": 420
      },
      {
        "path": "adminWww/lib/css/materialize.css",
        "size": 131364,
        "mode": 420
      },
      {
        "path": "adminWww/lib/css/ol.css",
        "size": 3729,
        "mode": 420
      },
      {
        "path": "adminWww/lib/css/themes/jquery-ui/default/images/ui-bg_glow-ball_100_efefef_600x600.png",
        "size": 34054,
        "mode": 420
      },
      {
        "path": "adminWww/lib/css/themes/jquery-ui/default/images/ui-bg_highlight-hard_50_c5ddfc_1x100.png",
        "size": 315,
        "mode": 420
      },
      {
        "path": "adminWww/lib/css/themes/jquery-ui/default/images/ui-icons_0a82eb_256x240.png",
        "size": 4549,
        "mode": 420
      },
      {
        "path": "adminWww/lib/css/themes/jquery-ui/default/images/ui-icons_5fa5e3_256x240.png",
        "size": 4549,
        "mode": 420
      },
      {
        "path": "adminWww/lib/css/themes/jquery-ui/default/images/ui-icons_6F6F6F_256x240.png",
        "size": 6997,
        "mode": 420
      },
      {
        "path": "adminWww/lib/css/themes/jquery-ui/default/images/ui-icons_2293f7_256x240.png",
        "size": 4549,
        "mode": 420
      },
      {
        "path": "adminWww/lib/css/themes/jquery-ui/default/images/ui-icons_d8d8d8_256x240.png",
        "size": 6956,
        "mode": 420
      },
      {
        "path": "adminWww/lib/css/themes/jquery-ui/default/images/ui-icons_ffffff_256x240.png",
        "size": 6299,
        "mode": 420
      },
      {
        "path": "adminWww/lib/css/themes/jquery-ui/default/jquery-ui.min.css",
        "size": 29636,
        "mode": 420
      },
      {
        "path": "adminWww/lib/css/themes/jquery-ui/default/jquery-ui.structure.min.css",
        "size": 14764,
        "mode": 420
      },
      {
        "path": "adminWww/lib/css/themes/jquery-ui/default/jquery-ui.theme.min.css",
        "size": 13327,
        "mode": 420
      },
      {
        "path": "adminWww/lib/css/themes/jquery-ui/redmond/images/ui-bg_glow-ball_100_efefef_600x600.png",
        "size": 34054,
        "mode": 420
      },
      {
        "path": "adminWww/lib/css/themes/jquery-ui/redmond/images/ui-bg_highlight-hard_50_c5ddfc_1x100.png",
        "size": 315,
        "mode": 420
      },
      {
        "path": "adminWww/lib/css/themes/jquery-ui/redmond/images/ui-icons_0a82eb_256x240.png",
        "size": 4549,
        "mode": 420
      },
      {
        "path": "adminWww/lib/css/themes/jquery-ui/redmond/images/ui-icons_5fa5e3_256x240.png",
        "size": 4549,
        "mode": 420
      },
      {
        "path": "adminWww/lib/css/themes/jquery-ui/redmond/images/ui-icons_6F6F6F_256x240.png",
        "size": 6997,
        "mode": 420
      },
      {
        "path": "adminWww/lib/css/themes/jquery-ui/redmond/images/ui-icons_2293f7_256x240.png",
        "size": 4549,
        "mode": 420
      },
      {
        "path": "adminWww/lib/css/themes/jquery-ui/redmond/images/ui-icons_555555_256x240.png",
        "size": 6988,
        "mode": 420
      },
      {
        "path": "adminWww/lib/css/themes/jquery-ui/redmond/images/ui-icons_777620_256x240.png",
        "size": 4549,
        "mode": 420
      },
      {
        "path": "adminWww/lib/css/themes/jquery-ui/redmond/images/ui-icons_777777_256x240.png",
        "size": 6999,
        "mode": 420
      },
      {
        "path": "adminWww/lib/css/themes/jquery-ui/redmond/images/ui-icons_cc0000_256x240.png",
        "size": 4549,
        "mode": 420
      },
      {
        "path": "adminWww/lib/css/themes/jquery-ui/redmond/images/ui-icons_d8d8d8_256x240.png",
        "size": 6956,
        "mode": 420
      },
      {
        "path": "adminWww/lib/css/themes/jquery-ui/redmond/images/ui-icons_ffffff_256x240.png",
        "size": 6299,
        "mode": 420
      },
      {
        "path": "adminWww/lib/css/themes/jquery-ui/redmond/jquery-ui.min.css",
        "size": 29557,
        "mode": 420
      },
      {
        "path": "adminWww/lib/css/themes/jquery-ui/redmond/jquery-ui.structure.min.css",
        "size": 14764,
        "mode": 420
      },
      {
        "path": "adminWww/lib/css/themes/jquery-ui/redmond/jquery-ui.theme.min.css",
        "size": 13266,
        "mode": 420
      },
      {
        "path": "adminWww/lib/fonts/fontawesome-webfont.woff",
        "size": 98024,
        "mode": 420
      },
      {
        "path": "adminWww/lib/fonts/fontawesome-webfont.woff2",
        "size": 77160,
        "mode": 420
      },
      {
        "path": "adminWww/lib/fonts/material.woff",
        "size": 64000,
        "mode": 420
      },
      {
        "path": "adminWww/lib/fonts/material.woff2",
        "size": 48880,
        "mode": 420
      },
      {
        "path": "adminWww/lib/js/ace-1.2.0/ace.js",
        "size": 345827,
        "mode": 420
      },
      {
        "path": "adminWww/lib/js/ace-1.2.0/ext-language_tools.js",
        "size": 34094,
        "mode": 420
      },
      {
        "path": "adminWww/lib/js/ace-1.2.0/ext-searchbox.js",
        "size": 9916,
        "mode": 420
      },
      {
        "path": "adminWww/lib/js/ace-1.2.0/mode-javascript.js",
        "size": 22858,
        "mode": 420
      },
      {
        "path": "adminWww/lib/js/ace-1.2.0/mode-json.js",
        "size": 11586,
        "mode": 420
      },
      {
        "path": "adminWww/lib/js/ace-1.2.0/mode-typescript.js",
        "size": 20301,
        "mode": 420
      },
      {
        "path": "adminWww/lib/js/ace-1.2.0/mode-yaml.js",
        "size": 3938,
        "mode": 420
      },
      {
        "path": "adminWww/lib/js/ace-1.2.0/theme-chrome.js",
        "size": 2708,
        "mode": 420
      },
      {
        "path": "adminWww/lib/js/ace-1.2.0/theme-clouds_midnight.js",
        "size": 2428,
        "mode": 420
      },
      {
        "path": "adminWww/lib/js/ace-1.2.0/worker-javascript.js",
        "size": 158708,
        "mode": 420
      },
      {
        "path": "adminWww/lib/js/ace-1.2.0/worker-json.js",
        "size": 32833,
        "mode": 420
      },
      {
        "path": "adminWww/lib/js/ace/ext-searchbox.js",
        "size": 14164,
        "mode": 420
      },
      {
        "path": "adminWww/lib/js/ace/worker-json.js",
        "size": 24460,
        "mode": 420
      },
      {
        "path": "adminWww/lib/js/colResizable-1.5.min.js",
        "size": 5783,
        "mode": 420
      },
      {
        "path": "adminWww/lib/js/colResizable-1.6.min.js",
        "size": 5781,
        "mode": 420
      },
      {
        "path": "adminWww/lib/js/colResizable-1.6.min.js.map",
        "size": 32113,
        "mode": 420
      },
      {
        "path": "adminWww/lib/js/cron/cron2text.js",
        "size": 18761,
        "mode": 420
      },
      {
        "path": "adminWww/lib/js/cron/jquery.cron.js",
        "size": 20508,
        "mode": 420
      },
      {
        "path": "adminWww/lib/js/cron/jquery.cron.locale.js",
        "size": 9310,
        "mode": 420
      },
      {
        "path": "adminWww/lib/js/cron/jquery.cron.words.js",
        "size": 17360,
        "mode": 420
      },
      {
        "path": "adminWww/lib/js/crypto-js/aes.js",
        "size": 8649,
        "mode": 420
      },
      {
        "path": "adminWww/lib/js/crypto-js/blowfish.js",
        "size": 21076,
        "mode": 420
      },
      {
        "path": "adminWww/lib/js/crypto-js/bower.json",
        "size": 645,
        "mode": 420
      },
      {
        "path": "adminWww/lib/js/crypto-js/cipher-core.js",
        "size": 29875,
        "mode": 420
      },
      {
        "path": "adminWww/lib/js/crypto-js/core.js",
        "size": 23629,
        "mode": 420
      },
      {
        "path": "adminWww/lib/js/crypto-js/crypto-js.js",
        "size": 219092,
        "mode": 420
      },
      {
        "path": "adminWww/lib/js/crypto-js/docs/QuickStartGuide.wiki",
        "size": 18085,
        "mode": 420
      },
      {
        "path": "adminWww/lib/js/crypto-js/enc-base64.js",
        "size": 4081,
        "mode": 420
      },
      {
        "path": "adminWww/lib/js/crypto-js/enc-base64url.js",
        "size": 4605,
        "mode": 420
      },
      {
        "path": "adminWww/lib/js/crypto-js/enc-hex.js",
        "size": 359,
        "mode": 420
      },
      {
        "path": "adminWww/lib/js/crypto-js/enc-latin1.js",
        "size": 362,
        "mode": 420
      },
      {
        "path": "adminWww/lib/js/crypto-js/enc-utf8.js",
        "size": 360,
        "mode": 420
      },
      {
        "path": "adminWww/lib/js/crypto-js/enc-utf16.js",
        "size": 4086,
        "mode": 420
      },
      {
        "path": "adminWww/lib/js/crypto-js/evpkdf.js",
        "size": 3993,
        "mode": 420
      },
      {
        "path": "adminWww/lib/js/crypto-js/format-hex.js",
        "size": 1822,
        "mode": 420
      },
      {
        "path": "adminWww/lib/js/crypto-js/format-openssl.js",
        "size": 416,
        "mode": 420
      },
      {
        "path": "adminWww/lib/js/crypto-js/hmac-md5.js",
        "size": 422,
        "mode": 420
      },
      {
        "path": "adminWww/lib/js/crypto-js/hmac-ripemd160.js",
        "size": 440,
        "mode": 420
      },
      {
        "path": "adminWww/lib/js/crypto-js/hmac-sha1.js",
        "size": 425,
        "mode": 420
      },
      {
        "path": "adminWww/lib/js/crypto-js/hmac-sha3.js",
        "size": 462,
        "mode": 420
      },
      {
        "path": "adminWww/lib/js/crypto-js/hmac-sha224.js",
        "size": 464,
        "mode": 420
      },
      {
        "path": "adminWww/lib/js/crypto-js/hmac-sha256.js",
        "size": 431,
        "mode": 420
      },
      {
        "path": "adminWww/lib/js/crypto-js/hmac-sha384.js",
        "size": 501,
        "mode": 420
      },
      {
        "path": "adminWww/lib/js/crypto-js/hmac-sha512.js",
        "size": 468,
        "mode": 420
      },
      {
        "path": "adminWww/lib/js/crypto-js/hmac.js",
        "size": 3984,
        "mode": 420
      },
      {
        "path": "adminWww/lib/js/crypto-js/index.js",
        "size": 1668,
        "mode": 420
      },
      {
        "path": "adminWww/lib/js/crypto-js/lib-typedarrays.js",
        "size": 2228,
        "mode": 420
      },
      {
        "path": "adminWww/lib/js/crypto-js/md5.js",
        "size": 9418,
        "mode": 420
      },
      {
        "path": "adminWww/lib/js/crypto-js/mode-cfb.js",
        "size": 2115,
        "mode": 420
      },
      {
        "path": "adminWww/lib/js/crypto-js/mode-ctr-gladman.js",
        "size": 2335,
        "mode": 420
      },
      {
        "path": "adminWww/lib/js/crypto-js/mode-ctr.js",
        "size": 1467,
        "mode": 420
      },
      {
        "path": "adminWww/lib/js/crypto-js/mode-ecb.js",
        "size": 893,
        "mode": 420
      },
      {
        "path": "adminWww/lib/js/crypto-js/mode-ofb.js",
        "size": 1330,
        "mode": 420
      },
      {
        "path": "adminWww/lib/js/crypto-js/package.json",
        "size": 719,
        "mode": 420
      },
      {
        "path": "adminWww/lib/js/crypto-js/pad-ansix923.js",
        "size": 1265,
        "mode": 420
      },
      {
        "path": "adminWww/lib/js/crypto-js/pad-iso10126.js",
        "size": 1118,
        "mode": 420
      },
      {
        "path": "adminWww/lib/js/crypto-js/pad-iso97971.js",
        "size": 918,
        "mode": 420
      },
      {
        "path": "adminWww/lib/js/crypto-js/pad-nopadding.js",
        "size": 554,
        "mode": 420
      },
      {
        "path": "adminWww/lib/js/crypto-js/pad-pkcs7.js",
        "size": 411,
        "mode": 420
      },
      {
        "path": "adminWww/lib/js/crypto-js/pad-zeropadding.js",
        "size": 1110,
        "mode": 420
      },
      {
        "path": "adminWww/lib/js/crypto-js/pbkdf2.js",
        "size": 4558,
        "mode": 420
      },
      {
        "path": "adminWww/lib/js/crypto-js/rabbit-legacy.js",
        "size": 6714,
        "mode": 420
      },
      {
        "path": "adminWww/lib/js/crypto-js/rabbit.js",
        "size": 6678,
        "mode": 420
      },
      {
        "path": "adminWww/lib/js/crypto-js/rc4.js",
        "size": 3569,
        "mode": 420
      },
      {
        "path": "adminWww/lib/js/crypto-js/ripemd160.js",
        "size": 9387,
        "mode": 420
      },
      {
        "path": "adminWww/lib/js/crypto-js/sha1.js",
        "size": 4063,
        "mode": 420
      },
      {
        "path": "adminWww/lib/js/crypto-js/sha3.js",
        "size": 10645,
        "mode": 420
      },
      {
        "path": "adminWww/lib/js/crypto-js/sha224.js",
        "size": 1915,
        "mode": 420
      },
      {
        "path": "adminWww/lib/js/crypto-js/sha256.js",
        "size": 5538,
        "mode": 420
      },
      {
        "path": "adminWww/lib/js/crypto-js/sha384.js",
        "size": 2264,
        "mode": 420
      },
      {
        "path": "adminWww/lib/js/crypto-js/sha512.js",
        "size": 13469,
        "mode": 420
      },
      {
        "path": "adminWww/lib/js/crypto-js/tripledes.js",
        "size": 24878,
        "mode": 420
      },
      {
        "path": "adminWww/lib/js/crypto-js/x64-core.js",
        "size": 8888,
        "mode": 420
      },
      {
        "path": "adminWww/lib/js/dropzone.js",
        "size": 27188,
        "mode": 420
      },
      {
        "path": "adminWww/lib/js/jqGrid/grid.locale-all.js",
        "size": 89030,
        "mode": 420
      },
      {
        "path": "adminWww/lib/js/jqGrid/jquery.jqGrid-4.5.4.min.js",
        "size": 269177,
        "mode": 420
      },
      {
        "path": "adminWww/lib/js/jquery-1.11.1.min.js",
        "size": 95789,
        "mode": 420
      },
      {
        "path": "adminWww/lib/js/jquery-1.11.1.min.map",
        "size": 141680,
        "mode": 420
      },
      {
        "path": "adminWww/lib/js/jquery-1.11.2.min.js",
        "size": 95931,
        "mode": 420
      },
      {
        "path": "adminWww/lib/js/jquery-1.11.2.min.map",
        "size": 142010,
        "mode": 420
      },
      {
        "path": "adminWww/lib/js/jquery-3.2.1.min.js",
        "size": 86659,
        "mode": 420
      },
      {
        "path": "adminWww/lib/js/jquery-3.2.1.min.map",
        "size": 131678,
        "mode": 420
      },
      {
        "path": "adminWww/lib/js/jquery-migrate-3.0.1.js",
        "size": 21968,
        "mode": 420
      },
      {
        "path": "adminWww/lib/js/jquery-ui-1.10.3.full.min.js",
        "size": 228138,
        "mode": 420
      },
      {
        "path": "adminWww/lib/js/jquery-ui-1.11.4.full.min.js",
        "size": 240427,
        "mode": 420
      },
      {
        "path": "adminWww/lib/js/jquery-ui.min.js",
        "size": 240422,
        "mode": 420
      },
      {
        "path": "adminWww/lib/js/jquery.fancytree-all.min.js",
        "size": 110572,
        "mode": 420
      },
      {
        "path": "adminWww/lib/js/jquery.fancytree-all.min.js.map",
        "size": 499717,
        "mode": 420
      },
      {
        "path": "adminWww/lib/js/jquery.multiselect-1.13.js",
        "size": 10634,
        "mode": 420
      },
      {
        "path": "adminWww/lib/js/jquery.multiselect-1.13.min.js",
        "size": 10634,
        "mode": 420
      },
      {
        "path": "adminWww/lib/js/jquery.multiselect.filter-1.5pre.js",
        "size": 5467,
        "mode": 420
      },
      {
        "path": "adminWww/lib/js/jquery.treetable.js",
        "size": 16714,
        "mode": 420
      },
      {
        "path": "adminWww/lib/js/jquery.ui.touch-punch.min.js",
        "size": 1291,
        "mode": 420
      },
      {
        "path": "adminWww/lib/js/loStorage.js",
        "size": 2677,
        "mode": 420
      },
      {
        "path": "adminWww/lib/js/materialize.js",
        "size": 138224,
        "mode": 420
      },
      {
        "path": "adminWww/lib/js/materialize.js.map",
        "size": 424946,
        "mode": 420
      },
      {
        "path": "adminWww/lib/js/ol.js",
        "size": 638689,
        "mode": 420
      },
      {
        "path": "adminWww/lib/js/selectID.js",
        "size": 184053,
        "mode": 420
      },
      {
        "path": "adminWww/lib/js/semver.min.js",
        "size": 12985,
        "mode": 420
      },
      {
        "path": "adminWww/lib/js/showdown.min.js",
        "size": 99094,
        "mode": 420
      },
      {
        "path": "adminWww/lib/js/socket.io.js",
        "size": 9736,
        "mode": 420
      },
      {
        "path": "adminWww/lib/js/socket.io.js.map",
        "size": 32819,
        "mode": 420
      },
      {
        "path": "adminWww/lib/js/sparkline.js",
        "size": 3483,
        "mode": 420
      },
      {
        "path": "adminWww/lib/js/sparkline.js.map",
        "size": 15845,
        "mode": 420
      },
      {
        "path": "adminWww/lib/js/translate.js",
        "size": 3757,
        "mode": 420
      },
      {
        "path": "adminWww/lib/js/vendor.js",
        "size": 1024313,
        "mode": 420
      },
      {
        "path": "adminWww/lib/js/vendor.js.map",
        "size": 2648855,
        "mode": 420
      },
      {
        "path": "adminWww/LICENSE-NEXOWATT.md",
        "size": 3238,
        "mode": 420
      },
      {
        "path": "adminWww/logo192.png",
        "size": 29884,
        "mode": 420
      },
      {
        "path": "adminWww/logo512.png",
        "size": 149798,
        "mode": 420
      },
      {
        "path": "adminWww/manifest.json",
        "size": 457,
        "mode": 420
      },
      {
        "path": "adminWww/mf-manifest.json",
        "size": 3905,
        "mode": 420
      },
      {
        "path": "adminWww/remoteEntry-v84.js",
        "size": 11288,
        "mode": 420
      },
      {
        "path": "adminWww/remoteEntry.js",
        "size": 38,
        "mode": 420
      },
      {
        "path": "adminWww/robots.txt",
        "size": 67,
        "mode": 420
      },
      {
        "path": "adminWww/static/js/css.js",
        "size": 20124,
        "mode": 420
      },
      {
        "path": "adminWww/static/js/html.js",
        "size": 19634,
        "mode": 420
      },
      {
        "path": "adminWww/static/js/javascript.js",
        "size": 4342,
        "mode": 420
      },
      {
        "path": "adminWww/static/js/nexowatt-stable-login.js",
        "size": 2709,
        "mode": 420
      },
      {
        "path": "adminWww/static/js/nexowatt-stable-v7109.js",
        "size": 1793,
        "mode": 420
      },
      {
        "path": "adminWww/static/js/worker-css.js",
        "size": 151196,
        "mode": 420
      },
      {
        "path": "adminWww/static/js/worker-html.js",
        "size": 208996,
        "mode": 420
      },
      {
        "path": "adminWww/static/js/worker-javascript.js",
        "size": 513659,
        "mode": 420
      },
      {
        "path": "adminWww/static/js/worker-json.js",
        "size": 24460,
        "mode": 420
      },
      {
        "path": "adminWww/static/js/worker-xml.js",
        "size": 47036,
        "mode": 420
      },
      {
        "path": "adminWww/static/js/worker-yaml.js",
        "size": 76346,
        "mode": 420
      },
      {
        "path": "build/i18n/de.json",
        "size": 4727,
        "mode": 420
      },
      {
        "path": "build/i18n/en.json",
        "size": 4257,
        "mode": 420
      },
      {
        "path": "build/i18n/es.json",
        "size": 1664,
        "mode": 420
      },
      {
        "path": "build/i18n/fr.json",
        "size": 1828,
        "mode": 420
      },
      {
        "path": "build/i18n/it.json",
        "size": 1598,
        "mode": 420
      },
      {
        "path": "build/i18n/nl.json",
        "size": 1591,
        "mode": 420
      },
      {
        "path": "build/i18n/pl.json",
        "size": 1575,
        "mode": 420
      },
      {
        "path": "build/i18n/pt.json",
        "size": 1544,
        "mode": 420
      },
      {
        "path": "build/i18n/ru.json",
        "size": 2266,
        "mode": 420
      },
      {
        "path": "build/i18n/uk.json",
        "size": 2119,
        "mode": 420
      },
      {
        "path": "build/i18n/zh-cn.json",
        "size": 1400,
        "mode": 420
      },
      {
        "path": "build/lib/chat/adminLocalTools.js",
        "size": 26971,
        "mode": 420
      },
      {
        "path": "build/lib/chat/adminLocalTools.js.map",
        "size": 18449,
        "mode": 420
      },
      {
        "path": "build/lib/chat/anthropicAdapter.js",
        "size": 6486,
        "mode": 420
      },
      {
        "path": "build/lib/chat/anthropicAdapter.js.map",
        "size": 4630,
        "mode": 420
      },
      {
        "path": "build/lib/chat/assistantKnowledge.js",
        "size": 23107,
        "mode": 420
      },
      {
        "path": "build/lib/chat/assistantKnowledge.js.map",
        "size": 4439,
        "mode": 420
      },
      {
        "path": "build/lib/chat/chatOrchestrator.js",
        "size": 18483,
        "mode": 420
      },
      {
        "path": "build/lib/chat/chatOrchestrator.js.map",
        "size": 11256,
        "mode": 420
      },
      {
        "path": "build/lib/chat/credentials.js",
        "size": 1870,
        "mode": 420
      },
      {
        "path": "build/lib/chat/credentials.js.map",
        "size": 965,
        "mode": 420
      },
      {
        "path": "build/lib/chat/llmProvider.js",
        "size": 7254,
        "mode": 420
      },
      {
        "path": "build/lib/chat/llmProvider.js.map",
        "size": 5970,
        "mode": 420
      },
      {
        "path": "build/lib/chat/mcpClientManager.js",
        "size": 3527,
        "mode": 420
      },
      {
        "path": "build/lib/chat/mcpClientManager.js.map",
        "size": 2028,
        "mode": 420
      },
      {
        "path": "build/lib/checkLinuxPass.js",
        "size": 10305,
        "mode": 420
      },
      {
        "path": "build/lib/checkLinuxPass.js.map",
        "size": 7940,
        "mode": 420
      },
      {
        "path": "build/lib/eosAutoUpdate.js",
        "size": 12351,
        "mode": 420
      },
      {
        "path": "build/lib/eosAutoUpdate.js.map",
        "size": 28689,
        "mode": 420
      },
      {
        "path": "build/lib/eosHttpsClient.js",
        "size": 4110,
        "mode": 420
      },
      {
        "path": "build/lib/eosLicenseCore.js",
        "size": 17183,
        "mode": 420
      },
      {
        "path": "build/lib/eosLicenseHttp.js",
        "size": 3869,
        "mode": 420
      },
      {
        "path": "build/lib/eosLicenseService.js",
        "size": 15899,
        "mode": 420
      },
      {
        "path": "build/lib/eosRequestSecurity.js",
        "size": 1254,
        "mode": 420
      },
      {
        "path": "build/lib/eosRequestSecurity.js.map",
        "size": 2338,
        "mode": 420
      },
      {
        "path": "build/lib/eosSessionSecurity.js",
        "size": 11461,
        "mode": 420
      },
      {
        "path": "build/lib/eosUploadGuard.js",
        "size": 7232,
        "mode": 420
      },
      {
        "path": "build/lib/eosWebResources.js",
        "size": 3325,
        "mode": 420
      },
      {
        "path": "build/lib/objectFixes.js",
        "size": 7510,
        "mode": 420
      },
      {
        "path": "build/lib/objectFixes.js.map",
        "size": 4454,
        "mode": 420
      },
      {
        "path": "build/lib/testPassword.js",
        "size": 2269,
        "mode": 420
      },
      {
        "path": "build/lib/testPassword.js.map",
        "size": 1974,
        "mode": 420
      },
      {
        "path": "build/lib/translations.js",
        "size": 2678,
        "mode": 420
      },
      {
        "path": "build/lib/translations.js.map",
        "size": 1087,
        "mode": 420
      },
      {
        "path": "build/lib/utils.js",
        "size": 16146,
        "mode": 420
      },
      {
        "path": "build/lib/utils.js.map",
        "size": 13110,
        "mode": 420
      },
      {
        "path": "build/lib/web.js",
        "size": 107521,
        "mode": 420
      },
      {
        "path": "build/lib/web.js.map",
        "size": 238678,
        "mode": 420
      },
      {
        "path": "build/main.js",
        "size": 117975,
        "mode": 420
      },
      {
        "path": "build/main.js.map",
        "size": 254677,
        "mode": 420
      },
      {
        "path": "docs/cra/CRA_IEC_GAP_ANALYSIS_2026-09-30.md",
        "size": 21147,
        "mode": 420
      },
      {
        "path": "docs/de/admin.md",
        "size": 4582,
        "mode": 420
      },
      {
        "path": "docs/de/admin/_old.md",
        "size": 41097,
        "mode": 420
      },
      {
        "path": "docs/de/admin/_old2.md",
        "size": 5308,
        "mode": 420
      },
      {
        "path": "docs/de/admin/img/admin_Enums_Headers_01.jpg",
        "size": 22753,
        "mode": 420
      },
      {
        "path": "docs/de/admin/img/admin_Ereignisse_Spalten.jpg",
        "size": 35104,
        "mode": 420
      },
      {
        "path": "docs/de/admin/img/admin_User_01-1.jpg",
        "size": 35455,
        "mode": 420
      },
      {
        "path": "docs/de/admin/img/admin-2_ioBroker_Adapter_Admin_001a.jpg",
        "size": 173708,
        "mode": 420
      },
      {
        "path": "docs/de/admin/img/admin-2_ioBroker_Adapter_admin_User_02.jpg",
        "size": 37266,
        "mode": 420
      },
      {
        "path": "docs/de/admin/img/admin-2_ioBroker_Adapter_admin_User_Groups.jpg",
        "size": 13863,
        "mode": 420
      },
      {
        "path": "docs/de/admin/img/admin-2_ioBroker_Adapter_admin_User_Rechte_01.jpg",
        "size": 42485,
        "mode": 420
      },
      {
        "path": "docs/de/admin/img/admin-2_ioBroker_Admin_Adapter_Inhalt01.jpg",
        "size": 305142,
        "mode": 420
      },
      {
        "path": "docs/de/admin/img/admin-2_ioBroker_Admin_Instanzen_Cronjob.jpg",
        "size": 46916,
        "mode": 420
      },
      {
        "path": "docs/de/admin/img/admin-2_ioBroker_Admin_Instanzen_Headline_Icons-e1476803621402.jpg",
        "size": 68501,
        "mode": 420
      },
      {
        "path": "docs/de/admin/img/admin-reiter-adapter_ioBroker_Adapter_admin_adapters_icons01_20170108.jpg",
        "size": 29198,
        "mode": 420
      },
      {
        "path": "docs/de/admin/img/admin-reiter-adapter_ioBroker_Adapter_admin_adapters_icons02_20170108.jpg",
        "size": 17086,
        "mode": 420
      },
      {
        "path": "docs/de/admin/img/admin-reiter-adapter_ioBroker_Admin_Adapter_Inhalt01.jpg",
        "size": 305142,
        "mode": 420
      },
      {
        "path": "docs/de/admin/img/admin-reiter-adapter_ioBroker_Image_BPi_20160910.jpg",
        "size": 147205,
        "mode": 420
      },
      {
        "path": "docs/de/admin/img/admin-reiter-aufzaehlungen_ioBroker_Adapter_admin_Enums_01.jpg",
        "size": 86870,
        "mode": 420
      },
      {
        "path": "docs/de/admin/img/admin-reiter-aufzaehlungen_ioBroker_Adapter_admin_Enums_Headers_01.jpg",
        "size": 22753,
        "mode": 420
      },
      {
        "path": "docs/de/admin/img/admin-reiter-aufzaehlungen_ioBroker_Adapter_admin_Enums_Headers_03.jpg",
        "size": 96502,
        "mode": 420
      },
      {
        "path": "docs/de/admin/img/admin-reiter-aufzaehlungen_ioBroker_Adapter_admin_Enums_Info.jpg",
        "size": 85316,
        "mode": 420
      },
      {
        "path": "docs/de/admin/img/admin-reiter-aufzaehlungen_ioBroker_Adapter_admin_Enums_new_Member.jpg",
        "size": 13216,
        "mode": 420
      },
      {
        "path": "docs/de/admin/img/admin-reiter-aufzaehlungen_ioBroker_Adapter_admin_Enums_new.jpg",
        "size": 11921,
        "mode": 420
      },
      {
        "path": "docs/de/admin/img/admin-reiter-ereignisse_ioBroker_Admin_States_footer.jpg",
        "size": 84801,
        "mode": 420
      },
      {
        "path": "docs/de/admin/img/admin-reiter-instanzen_ioBroker_Admin_Instanzen_Headline_Columns.jpg",
        "size": 202881,
        "mode": 420
      },
      {
        "path": "docs/de/admin/img/admin-reiter-log_ioBroker_Adapter_Admin_004b_Verwahrungsorte2.jpg",
        "size": 35653,
        "mode": 420
      },
      {
        "path": "docs/de/admin/img/admin-reiter-objekte_ioBroker_Admin_Objekte_AddObjec02t.jpg",
        "size": 38417,
        "mode": 420
      },
      {
        "path": "docs/de/admin/img/admin-reiter-objekte_ioBroker_Admin_Objekte_Headline_Columns.jpg",
        "size": 165299,
        "mode": 420
      },
      {
        "path": "docs/de/admin/img/admin-reiter-objekte_ioBroker_Admin_Objekte_Rooms.jpg",
        "size": 142577,
        "mode": 420
      },
      {
        "path": "docs/de/admin/img/admin-reiter-objekte_ioBroker_Admin_Objekte_Structure01.jpg",
        "size": 201887,
        "mode": 420
      },
      {
        "path": "docs/de/admin/img/admin-reiter-zustaende_ioBroker_Admin_States_columns.jpg",
        "size": 153502,
        "mode": 420
      },
      {
        "path": "docs/de/admin/img/ioBroker_Image_BPi_20160910.jpg",
        "size": 147205,
        "mode": 420
      },
      {
        "path": "docs/de/admin/img/tab-adapters_002aa.jpg",
        "size": 11465,
        "mode": 420
      },
      {
        "path": "docs/de/admin/img/tab-adapters_002b.jpg",
        "size": 11228,
        "mode": 420
      },
      {
        "path": "docs/de/admin/img/tab-adapters_002c_GitHub.jpg",
        "size": 15504,
        "mode": 420
      },
      {
        "path": "docs/de/admin/img/tab-adapters_002c_ownFile.jpg",
        "size": 15536,
        "mode": 420
      },
      {
        "path": "docs/de/admin/img/tab-adapters_003a.jpg",
        "size": 6175,
        "mode": 420
      },
      {
        "path": "docs/de/admin/img/tab-adapters_icons01_20170108-e1483882554815.jpg",
        "size": 15661,
        "mode": 420
      },
      {
        "path": "docs/de/admin/img/tab-adapters_icons02_20170108.jpg",
        "size": 17086,
        "mode": 420
      },
      {
        "path": "docs/de/admin/img/tab-adapters_Inhalt01.jpg",
        "size": 305142,
        "mode": 420
      },
      {
        "path": "docs/de/admin/img/tab-enums_Enums_01.jpg",
        "size": 86870,
        "mode": 420
      },
      {
        "path": "docs/de/admin/img/tab-enums_Enums_Headers_03.jpg",
        "size": 96502,
        "mode": 420
      },
      {
        "path": "docs/de/admin/img/tab-enums_Enums_Info.jpg",
        "size": 85316,
        "mode": 420
      },
      {
        "path": "docs/de/admin/img/tab-enums_Enums_new_Member.jpg",
        "size": 13216,
        "mode": 420
      },
      {
        "path": "docs/de/admin/img/tab-enums_Enums_new.jpg",
        "size": 11921,
        "mode": 420
      },
      {
        "path": "docs/de/admin/img/tab-events_States_columns.jpg",
        "size": 153502,
        "mode": 420
      },
      {
        "path": "docs/de/admin/img/tab-events_States_footer.jpg",
        "size": 84801,
        "mode": 420
      },
      {
        "path": "docs/de/admin/img/tab-groups_admin_User_02.jpg",
        "size": 37266,
        "mode": 420
      },
      {
        "path": "docs/de/admin/img/tab-groups_User_Rechte_01.jpg",
        "size": 42485,
        "mode": 420
      },
      {
        "path": "docs/de/admin/img/tab-hosts_Hosts_01.jpg",
        "size": 36477,
        "mode": 420
      },
      {
        "path": "docs/de/admin/img/tab-hosts_Hosts_icons.jpg",
        "size": 9562,
        "mode": 420
      },
      {
        "path": "docs/de/admin/img/tab-instances_Cronjob.jpg",
        "size": 46916,
        "mode": 420
      },
      {
        "path": "docs/de/admin/img/tab-instances_Headline_Columns.jpg",
        "size": 202881,
        "mode": 420
      },
      {
        "path": "docs/de/admin/img/tab-instances_Icons-e1476803621402.jpg",
        "size": 68501,
        "mode": 420
      },
      {
        "path": "docs/de/admin/img/tab-instances_Inhalt00.jpg",
        "size": 182260,
        "mode": 420
      },
      {
        "path": "docs/de/admin/img/tab-instances_Instanzen_Status.jpg",
        "size": 35053,
        "mode": 420
      },
      {
        "path": "docs/de/admin/img/tab-log_01.jpg",
        "size": 190013,
        "mode": 420
      },
      {
        "path": "docs/de/admin/img/tab-log_icons.jpg",
        "size": 8648,
        "mode": 420
      },
      {
        "path": "docs/de/admin/img/tab-log_instances.jpg",
        "size": 31019,
        "mode": 420
      },
      {
        "path": "docs/de/admin/img/tab-log_loglevel.jpg",
        "size": 14120,
        "mode": 420
      },
      {
        "path": "docs/de/admin/img/tab-objects_AddObjec02t.jpg",
        "size": 38417,
        "mode": 420
      },
      {
        "path": "docs/de/admin/img/tab-objects_AddObject.jpg",
        "size": 17481,
        "mode": 420
      },
      {
        "path": "docs/de/admin/img/tab-objects_delete.jpg",
        "size": 11851,
        "mode": 420
      },
      {
        "path": "docs/de/admin/img/tab-objects_Headline_Columns.jpg",
        "size": 165299,
        "mode": 420
      },
      {
        "path": "docs/de/admin/img/tab-objects_Headline_Icons.jpg",
        "size": 12526,
        "mode": 420
      },
      {
        "path": "docs/de/admin/img/tab-objects_Inhalt00.jpg",
        "size": 165425,
        "mode": 420
      },
      {
        "path": "docs/de/admin/img/tab-objects_Rooms.jpg",
        "size": 142577,
        "mode": 420
      },
      {
        "path": "docs/de/admin/img/tab-objects_Structure01.jpg",
        "size": 201887,
        "mode": 420
      },
      {
        "path": "docs/de/admin/img/tab-states_columns.jpg",
        "size": 153502,
        "mode": 420
      },
      {
        "path": "docs/de/admin/img/tab-states_footer.jpg",
        "size": 84801,
        "mode": 420
      },
      {
        "path": "docs/de/admin/img/tab-system_2017-01-19-09_33_54-ioBroker.jpg",
        "size": 73097,
        "mode": 420
      },
      {
        "path": "docs/de/admin/img/tab-system_2017-01-19-09_40_07-ioBroker.jpg",
        "size": 82534,
        "mode": 420
      },
      {
        "path": "docs/de/admin/img/tab-system_2017-01-19-09_48_46-ioBroker.jpg",
        "size": 90633,
        "mode": 420
      },
      {
        "path": "docs/de/admin/img/tab-system_Systemeinstellungen.jpg",
        "size": 27342,
        "mode": 420
      },
      {
        "path": "docs/de/admin/img/tab-system_Verwahrungsorte2.jpg",
        "size": 35653,
        "mode": 420
      },
      {
        "path": "docs/de/admin/img/tab-user_01-1.jpg",
        "size": 35455,
        "mode": 420
      },
      {
        "path": "docs/de/admin/img/tab-user_Groups.jpg",
        "size": 13863,
        "mode": 420
      },
      {
        "path": "docs/de/admin/tab-adapters.md",
        "size": 6584,
        "mode": 420
      },
      {
        "path": "docs/de/admin/tab-enums.md",
        "size": 3881,
        "mode": 420
      },
      {
        "path": "docs/de/admin/tab-events.md",
        "size": 2424,
        "mode": 420
      },
      {
        "path": "docs/de/admin/tab-groups.md",
        "size": 1363,
        "mode": 420
      },
      {
        "path": "docs/de/admin/tab-hosts.md",
        "size": 2007,
        "mode": 420
      },
      {
        "path": "docs/de/admin/tab-instances.md",
        "size": 6027,
        "mode": 420
      },
      {
        "path": "docs/de/admin/tab-log.md",
        "size": 1782,
        "mode": 420
      },
      {
        "path": "docs/de/admin/tab-objects.md",
        "size": 6757,
        "mode": 420
      },
      {
        "path": "docs/de/admin/tab-states.md",
        "size": 2414,
        "mode": 420
      },
      {
        "path": "docs/de/admin/tab-system.md",
        "size": 6653,
        "mode": 420
      },
      {
        "path": "docs/de/admin/tab-users.md",
        "size": 1565,
        "mode": 420
      },
      {
        "path": "docs/de/img/admin_img_001.jpg",
        "size": 353882,
        "mode": 420
      },
      {
        "path": "docs/de/img/admin_img_002.jpg",
        "size": 102639,
        "mode": 420
      },
      {
        "path": "docs/de/img/admin_img_006.jpg",
        "size": 229411,
        "mode": 420
      },
      {
        "path": "docs/de/img/admin_ioBroker_Adapter_Admin_001a.jpg",
        "size": 173708,
        "mode": 420
      },
      {
        "path": "docs/de/img/admin_konfiguration.png",
        "size": 47151,
        "mode": 420
      },
      {
        "path": "docs/de/img/admin_Systemeinstellungen.jpg",
        "size": 54411,
        "mode": 420
      },
      {
        "path": "docs/en/admin.md",
        "size": 4315,
        "mode": 420
      },
      {
        "path": "docs/en/img/admin_img_001.jpg",
        "size": 353882,
        "mode": 420
      },
      {
        "path": "docs/en/img/admin_img_002.jpg",
        "size": 102639,
        "mode": 420
      },
      {
        "path": "docs/en/img/admin_img_003.jpg",
        "size": 166597,
        "mode": 420
      },
      {
        "path": "docs/en/img/admin_img_004.jpg",
        "size": 217641,
        "mode": 420
      },
      {
        "path": "docs/en/img/admin_img_005.jpg",
        "size": 918,
        "mode": 420
      },
      {
        "path": "docs/en/img/admin_img_006.jpg",
        "size": 229411,
        "mode": 420
      },
      {
        "path": "docs/es/admin.md",
        "size": 5181,
        "mode": 420
      },
      {
        "path": "docs/es/img/admin_img_001.jpg",
        "size": 353882,
        "mode": 420
      },
      {
        "path": "docs/es/img/admin_img_002.jpg",
        "size": 102639,
        "mode": 420
      },
      {
        "path": "docs/es/img/admin_img_003.jpg",
        "size": 166597,
        "mode": 420
      },
      {
        "path": "docs/es/img/admin_img_004.jpg",
        "size": 217641,
        "mode": 420
      },
      {
        "path": "docs/es/img/admin_img_005.jpg",
        "size": 918,
        "mode": 420
      },
      {
        "path": "docs/es/img/admin_img_006.jpg",
        "size": 229411,
        "mode": 420
      },
      {
        "path": "docs/fr/admin.md",
        "size": 5345,
        "mode": 420
      },
      {
        "path": "docs/fr/img/admin_img_001.jpg",
        "size": 353882,
        "mode": 420
      },
      {
        "path": "docs/fr/img/admin_img_002.jpg",
        "size": 102639,
        "mode": 420
      },
      {
        "path": "docs/fr/img/admin_img_003.jpg",
        "size": 166597,
        "mode": 420
      },
      {
        "path": "docs/fr/img/admin_img_004.jpg",
        "size": 217641,
        "mode": 420
      },
      {
        "path": "docs/fr/img/admin_img_005.jpg",
        "size": 918,
        "mode": 420
      },
      {
        "path": "docs/fr/img/admin_img_006.jpg",
        "size": 229411,
        "mode": 420
      },
      {
        "path": "docs/it/admin.md",
        "size": 5064,
        "mode": 420
      },
      {
        "path": "docs/it/img/admin_img_001.jpg",
        "size": 353882,
        "mode": 420
      },
      {
        "path": "docs/it/img/admin_img_002.jpg",
        "size": 102639,
        "mode": 420
      },
      {
        "path": "docs/it/img/admin_img_003.jpg",
        "size": 166597,
        "mode": 420
      },
      {
        "path": "docs/it/img/admin_img_004.jpg",
        "size": 217641,
        "mode": 420
      },
      {
        "path": "docs/it/img/admin_img_005.jpg",
        "size": 918,
        "mode": 420
      },
      {
        "path": "docs/it/img/admin_img_006.jpg",
        "size": 229411,
        "mode": 420
      },
      {
        "path": "docs/licensing/ADAPTER_INTEGRATION.md",
        "size": 14281,
        "mode": 420
      },
      {
        "path": "docs/licensing/ISSUER_AND_STORAGE.md",
        "size": 13258,
        "mode": 420
      },
      {
        "path": "docs/licensing/NexoWatt_EOS_Adapter_Lizenzanbindung_7.10.10.pdf",
        "size": 89465,
        "mode": 420
      },
      {
        "path": "docs/licensing/NexoWatt_EOS_Adapter_Lizenzanbindung_7.10.11.pdf",
        "size": 96425,
        "mode": 420
      },
      {
        "path": "docs/MANUAL_DATAPOINT_WRITE_POLICY.md",
        "size": 1805,
        "mode": 420
      },
      {
        "path": "docs/NEXOWATT_EOS_UI_REFINED_V4_DE.md",
        "size": 954,
        "mode": 420
      },
      {
        "path": "docs/NEXOWATT_EOS_UI_REFINED_V5_DE.md",
        "size": 1101,
        "mode": 420
      },
      {
        "path": "docs/NEXOWATT_EOS_UI_V8_RESTORE_V5_DESIGN_LOGO_FIX_DE.md",
        "size": 691,
        "mode": 420
      },
      {
        "path": "docs/NEXOWATT_EOS_UI_V9_LOGO_INFO_SERVICES_DE.md",
        "size": 605,
        "mode": 420
      },
      {
        "path": "docs/NEXOWATT_EOS_UI_V11_HORIZONTAL_NAV_FIX_DE.md",
        "size": 694,
        "mode": 420
      },
      {
        "path": "docs/NEXOWATT_EOS_UI_V13_DE.md",
        "size": 553,
        "mode": 420
      },
      {
        "path": "docs/NEXOWATT_EOS_UI_V20_TTL_RECOVERY_DE.md",
        "size": 767,
        "mode": 420
      },
      {
        "path": "docs/NEXOWATT_EOS_UI_V28_UPDATE_FIX_DE.md",
        "size": 2345,
        "mode": 420
      },
      {
        "path": "docs/NEXOWATT_EOS_UI_V31_NAV_SECURITY_ASSIST_DE.md",
        "size": 470,
        "mode": 420
      },
      {
        "path": "docs/NEXOWATT_EOS_UI_V33_ASSIST_POSITION_DE.md",
        "size": 598,
        "mode": 420
      },
      {
        "path": "docs/NEXOWATT_EOS_UI_V34_UPDATE_HARD_LOGOUT_DE.md",
        "size": 926,
        "mode": 420
      },
      {
        "path": "docs/NEXOWATT_EOS_UI_V37_STABILITY_DE.md",
        "size": 815,
        "mode": 420
      },
      {
        "path": "docs/NEXOWATT_PUBLIC_NPM_DISTRIBUTION_DE.md",
        "size": 2081,
        "mode": 420
      },
      {
        "path": "docs/NEXOWATT_REPOSITORY_UPDATE_FIX_DE.md",
        "size": 1979,
        "mode": 420
      },
      {
        "path": "docs/nl/admin.md",
        "size": 5061,
        "mode": 420
      },
      {
        "path": "docs/nl/img/admin_img_001.jpg",
        "size": 353882,
        "mode": 420
      },
      {
        "path": "docs/nl/img/admin_img_002.jpg",
        "size": 102639,
        "mode": 420
      },
      {
        "path": "docs/nl/img/admin_img_003.jpg",
        "size": 166597,
        "mode": 420
      },
      {
        "path": "docs/nl/img/admin_img_004.jpg",
        "size": 217641,
        "mode": 420
      },
      {
        "path": "docs/nl/img/admin_img_005.jpg",
        "size": 918,
        "mode": 420
      },
      {
        "path": "docs/nl/img/admin_img_006.jpg",
        "size": 229411,
        "mode": 420
      },
      {
        "path": "docs/operations/SECURITY_LICENSING_TEST_7.10.10.md",
        "size": 4608,
        "mode": 420
      },
      {
        "path": "docs/operations/SECURITY_LICENSING_TEST_7.10.11.md",
        "size": 5775,
        "mode": 420
      },
      {
        "path": "docs/operations/WEB_SECURITY_PROFILE_2026-09-30.md",
        "size": 8724,
        "mode": 420
      },
      {
        "path": "docs/pl/admin.md",
        "size": 4865,
        "mode": 420
      },
      {
        "path": "docs/pl/img/admin_img_001.jpg",
        "size": 353882,
        "mode": 420
      },
      {
        "path": "docs/pl/img/admin_img_002.jpg",
        "size": 102639,
        "mode": 420
      },
      {
        "path": "docs/pl/img/admin_img_003.jpg",
        "size": 166597,
        "mode": 420
      },
      {
        "path": "docs/pl/img/admin_img_004.jpg",
        "size": 217641,
        "mode": 420
      },
      {
        "path": "docs/pl/img/admin_img_005.jpg",
        "size": 918,
        "mode": 420
      },
      {
        "path": "docs/pl/img/admin_img_006.jpg",
        "size": 229411,
        "mode": 420
      },
      {
        "path": "docs/pt/admin.md",
        "size": 4997,
        "mode": 420
      },
      {
        "path": "docs/pt/img/admin_img_001.jpg",
        "size": 353882,
        "mode": 420
      },
      {
        "path": "docs/pt/img/admin_img_002.jpg",
        "size": 102639,
        "mode": 420
      },
      {
        "path": "docs/pt/img/admin_img_003.jpg",
        "size": 166597,
        "mode": 420
      },
      {
        "path": "docs/pt/img/admin_img_004.jpg",
        "size": 217641,
        "mode": 420
      },
      {
        "path": "docs/pt/img/admin_img_005.jpg",
        "size": 918,
        "mode": 420
      },
      {
        "path": "docs/pt/img/admin_img_006.jpg",
        "size": 229411,
        "mode": 420
      },
      {
        "path": "docs/ru/admin.md",
        "size": 13622,
        "mode": 420
      },
      {
        "path": "docs/ru/img/admin_img_001.jpg",
        "size": 353882,
        "mode": 420
      },
      {
        "path": "docs/ru/img/admin_img_002.jpg",
        "size": 102639,
        "mode": 420
      },
      {
        "path": "docs/ru/img/admin_img_006.jpg",
        "size": 229411,
        "mode": 420
      },
      {
        "path": "docs/security/AUDIT_BACKEND_2026-09-30.md",
        "size": 16747,
        "mode": 420
      },
      {
        "path": "docs/security/evidence/backend-boundaries-original-negative-control.txt",
        "size": 26416,
        "mode": 420
      },
      {
        "path": "docs/security/evidence/backend-boundaries.txt",
        "size": 4042,
        "mode": 420
      },
      {
        "path": "docs/security/SESSION_REVOCATION_2026-09-30.md",
        "size": 8632,
        "mode": 420
      },
      {
        "path": "docs/sources-dist-nexowatt.example.json",
        "size": 405,
        "mode": 420
      },
      {
        "path": "docs/zh-cn/admin.md",
        "size": 4005,
        "mode": 420
      },
      {
        "path": "docs/zh-cn/img/admin_img_001.jpg",
        "size": 353882,
        "mode": 420
      },
      {
        "path": "docs/zh-cn/img/admin_img_002.jpg",
        "size": 102639,
        "mode": 420
      },
      {
        "path": "docs/zh-cn/img/admin_img_003.jpg",
        "size": 166597,
        "mode": 420
      },
      {
        "path": "docs/zh-cn/img/admin_img_004.jpg",
        "size": 217641,
        "mode": 420
      },
      {
        "path": "docs/zh-cn/img/admin_img_005.jpg",
        "size": 918,
        "mode": 420
      },
      {
        "path": "docs/zh-cn/img/admin_img_006.jpg",
        "size": 229411,
        "mode": 420
      },
      {
        "path": "io-package.json",
        "size": 79282,
        "mode": 420
      },
      {
        "path": "package.json",
        "size": 13019,
        "mode": 420
      },
      {
        "path": "packages/eos-license-client/index.js",
        "size": 12909,
        "mode": 420
      },
      {
        "path": "packages/eos-license-client/package.json",
        "size": 302,
        "mode": 420
      },
      {
        "path": "public/404.html",
        "size": 12326,
        "mode": 420
      },
      {
        "path": "public/logTemplate.html",
        "size": 2273,
        "mode": 420
      },
      {
        "path": "public/nexowatt-license.html",
        "size": 3646,
        "mode": 420
      },
      {
        "path": "public/nexowatt-license.js",
        "size": 4023,
        "mode": 420
      },
      {
        "path": "public/oauthError.html",
        "size": 1395,
        "mode": 420
      },
      {
        "path": "public/oauthSuccess.html",
        "size": 1387,
        "mode": 420
      },
      {
        "path": "release-manifests/full-repository-files.json",
        "size": 334096,
        "mode": 420
      },
      {
        "path": "reports/security/action-pins-2026-09-30.json",
        "size": 2429,
        "mode": 420
      },
      {
        "path": "reports/security/fallback-build-provenance.json",
        "size": 4027,
        "mode": 420
      },
      {
        "path": "reports/security/input-provenance.json",
        "size": 339,
        "mode": 420
      },
      {
        "path": "reports/security/inventory-summary.json",
        "size": 11224,
        "mode": 420
      },
      {
        "path": "reports/security/licensing-preliminary.txt",
        "size": 6749,
        "mode": 420
      },
      {
        "path": "reports/security/raw/final-7.10.11/fallback-selftest.log",
        "size": 349,
        "mode": 420
      },
      {
        "path": "reports/security/raw/final-7.10.11/inventory-selftest.log",
        "size": 169,
        "mode": 420
      },
      {
        "path": "reports/security/raw/final-7.10.11/license-tap.log",
        "size": 17026,
        "mode": 420
      },
      {
        "path": "reports/security/raw/final-7.10.11/package.log",
        "size": 1203,
        "mode": 420
      },
      {
        "path": "reports/security/raw/final-7.10.11/results.json",
        "size": 2701,
        "mode": 420
      },
      {
        "path": "reports/security/raw/final-7.10.11/session-tap.log",
        "size": 3823,
        "mode": 420
      },
      {
        "path": "reports/security/raw/final-7.10.11/stability.log",
        "size": 3455,
        "mode": 420
      },
      {
        "path": "reports/security/raw/final-7.10.11/web-runtime-tap.log",
        "size": 4208,
        "mode": 420
      },
      {
        "path": "reports/security/raw/final/fallback-transpiler.log",
        "size": 481,
        "mode": 420
      },
      {
        "path": "reports/security/raw/final/inventory-tool.log",
        "size": 293,
        "mode": 420
      },
      {
        "path": "reports/security/raw/final/licensing-tap.log",
        "size": 16246,
        "mode": 420
      },
      {
        "path": "reports/security/raw/final/pack-dry-run.log",
        "size": 134839,
        "mode": 420
      },
      {
        "path": "reports/security/raw/final/package-content.json",
        "size": 338,
        "mode": 420
      },
      {
        "path": "reports/security/raw/final/package.log",
        "size": 1304,
        "mode": 420
      },
      {
        "path": "reports/security/raw/final/results.json",
        "size": 2630,
        "mode": 420
      },
      {
        "path": "reports/security/raw/final/stability.log",
        "size": 19206,
        "mode": 420
      },
      {
        "path": "reports/security/raw/initial-final-attempt/pack-dry-run.log",
        "size": 133830,
        "mode": 420
      },
      {
        "path": "reports/security/raw/initial-final-attempt/package.log",
        "size": 1366,
        "mode": 420
      },
      {
        "path": "reports/security/raw/initial-final-attempt/results.json",
        "size": 2630,
        "mode": 420
      },
      {
        "path": "reports/security/raw/initial-final-attempt/stability.log",
        "size": 17654,
        "mode": 420
      },
      {
        "path": "reports/security/raw/session-hardening/results.json",
        "size": 864,
        "mode": 420
      },
      {
        "path": "reports/security/raw/session-hardening/session-tests.tap",
        "size": 3817,
        "mode": 420
      },
      {
        "path": "reports/security/raw/stability-discovery/check_eos-stable-v7103.log",
        "size": 386,
        "mode": 420
      },
      {
        "path": "reports/security/raw/stability-discovery/results.json",
        "size": 9368,
        "mode": 420
      },
      {
        "path": "reports/security/raw/stability-discovery/retest-check_eos-package.log",
        "size": 1280,
        "mode": 420
      },
      {
        "path": "reports/security/raw/stability-discovery/retest-results.json",
        "size": 1892,
        "mode": 420
      },
      {
        "path": "reports/security/raw/stability-discovery/retest-tools_nexowatt-installer-ems-selftest.cjs.log",
        "size": 229,
        "mode": 420
      },
      {
        "path": "reports/security/raw/stability-discovery/retest-tools_nexowatt-internal-reserve-selftest.cjs.log",
        "size": 136,
        "mode": 420
      },
      {
        "path": "reports/security/raw/stability-discovery/retest-tools_nexowatt-role-access-selftest.cjs.log",
        "size": 237,
        "mode": 420
      },
      {
        "path": "reports/security/raw/stability-discovery/retest-tools_nexowatt-runtime-cleanup-selftest.cjs.log",
        "size": 143,
        "mode": 420
      },
      {
        "path": "reports/security/raw/stability-discovery/retest-tools_nexowatt-stability-check.cjs.log",
        "size": 119,
        "mode": 420
      },
      {
        "path": "reports/security/raw/stability-discovery/retest-tools_nexowatt-user-area-selftest.cjs.log",
        "size": 184,
        "mode": 420
      },
      {
        "path": "reports/security/raw/stability-discovery/retest-tools_nexowatt-v7109-clean-core-selftest.cjs.log",
        "size": 250,
        "mode": 420
      },
      {
        "path": "reports/security/raw/stability-discovery/test_eos-licensing.log",
        "size": 6835,
        "mode": 420
      },
      {
        "path": "reports/security/raw/stability-discovery/test_eos-security-boundaries.log",
        "size": 2952,
        "mode": 420
      },
      {
        "path": "reports/security/raw/stability-discovery/tools_nexowatt-account-password-flow-selftest.cjs.log",
        "size": 2756,
        "mode": 420
      },
      {
        "path": "reports/security/raw/stability-discovery/tools_nexowatt-assistant-separation-selftest.cjs.log",
        "size": 162,
        "mode": 420
      },
      {
        "path": "reports/security/raw/stability-discovery/tools_nexowatt-auto-update-placement-selftest.cjs.log",
        "size": 200,
        "mode": 420
      },
      {
        "path": "reports/security/raw/stability-discovery/tools_nexowatt-auto-update-selftest.cjs.log",
        "size": 230,
        "mode": 420
      },
      {
        "path": "reports/security/raw/stability-discovery/tools_nexowatt-backend-runtime-selftest.cjs.log",
        "size": 246,
        "mode": 420
      },
      {
        "path": "reports/security/raw/stability-discovery/tools_nexowatt-branding-selftest.cjs.log",
        "size": 120,
        "mode": 420
      },
      {
        "path": "reports/security/raw/stability-discovery/tools_nexowatt-datapoint-interaction-selftest.cjs.log",
        "size": 148,
        "mode": 420
      },
      {
        "path": "reports/security/raw/stability-discovery/tools_nexowatt-datapoint-selftest.cjs.log",
        "size": 131,
        "mode": 420
      },
      {
        "path": "reports/security/raw/stability-discovery/tools_nexowatt-default-port-selftest.cjs.log",
        "size": 144,
        "mode": 420
      },
      {
        "path": "reports/security/raw/stability-discovery/tools_nexowatt-ems-overview-selftest.cjs.log",
        "size": 213,
        "mode": 420
      },
      {
        "path": "reports/security/raw/stability-discovery/tools_nexowatt-entrypoint-smoke-selftest.cjs.log",
        "size": 192,
        "mode": 420
      },
      {
        "path": "reports/security/raw/stability-discovery/tools_nexowatt-esm-syntax-selftest.cjs.log",
        "size": 124,
        "mode": 420
      },
      {
        "path": "reports/security/raw/stability-discovery/tools_nexowatt-frontend-graph-check.cjs.log",
        "size": 173,
        "mode": 420
      },
      {
        "path": "reports/security/raw/stability-discovery/tools_nexowatt-import-integrity-selftest.cjs.log",
        "size": 136,
        "mode": 420
      },
      {
        "path": "reports/security/raw/stability-discovery/tools_nexowatt-installer-ems-selftest.cjs.log",
        "size": 1026,
        "mode": 420
      },
      {
        "path": "reports/security/raw/stability-discovery/tools_nexowatt-internal-reserve-selftest.cjs.log",
        "size": 323,
        "mode": 420
      },
      {
        "path": "reports/security/raw/stability-discovery/tools_nexowatt-login-layout-selftest.cjs.log",
        "size": 128,
        "mode": 420
      },
      {
        "path": "reports/security/raw/stability-discovery/tools_nexowatt-manual-write-policy-selftest.cjs.log",
        "size": 151,
        "mode": 420
      },
      {
        "path": "reports/security/raw/stability-discovery/tools_nexowatt-merge-update-selftest.cjs.log",
        "size": 206,
        "mode": 420
      },
      {
        "path": "reports/security/raw/stability-discovery/tools_nexowatt-modern-ui-selftest.cjs.log",
        "size": 122,
        "mode": 420
      },
      {
        "path": "reports/security/raw/stability-discovery/tools_nexowatt-module-popup-selftest.cjs.log",
        "size": 137,
        "mode": 420
      },
      {
        "path": "reports/security/raw/stability-discovery/tools_nexowatt-native-shell-selftest.cjs.log",
        "size": 128,
        "mode": 420
      },
      {
        "path": "reports/security/raw/stability-discovery/tools_nexowatt-password-write-selftest.cjs.log",
        "size": 199,
        "mode": 420
      },
      {
        "path": "reports/security/raw/stability-discovery/tools_nexowatt-policy-selftest.cjs.log",
        "size": 126,
        "mode": 420
      },
      {
        "path": "reports/security/raw/stability-discovery/tools_nexowatt-prebuilt-release-selftest.cjs.log",
        "size": 234,
        "mode": 420
      },
      {
        "path": "reports/security/raw/stability-discovery/tools_nexowatt-publish-channel-selftest.cjs.log",
        "size": 143,
        "mode": 420
      },
      {
        "path": "reports/security/raw/stability-discovery/tools_nexowatt-release-defaults-selftest.cjs.log",
        "size": 145,
        "mode": 420
      },
      {
        "path": "reports/security/raw/stability-discovery/tools_nexowatt-role-access-selftest.cjs.log",
        "size": 193,
        "mode": 420
      },
      {
        "path": "reports/security/raw/stability-discovery/tools_nexowatt-role-security-selftest.cjs.log",
        "size": 237,
        "mode": 420
      },
      {
        "path": "reports/security/raw/stability-discovery/tools_nexowatt-runtime-cleanup-selftest.cjs.log",
        "size": 143,
        "mode": 420
      },
      {
        "path": "reports/security/raw/stability-discovery/tools_nexowatt-stability-check.cjs.log",
        "size": 143,
        "mode": 420
      },
      {
        "path": "reports/security/raw/stability-discovery/tools_nexowatt-ui-overview-runtime-selftest.cjs.log",
        "size": 142,
        "mode": 420
      },
      {
        "path": "reports/security/raw/stability-discovery/tools_nexowatt-update-selftest.cjs.log",
        "size": 125,
        "mode": 420
      },
      {
        "path": "reports/security/raw/stability-discovery/tools_nexowatt-user-area-selftest.cjs.log",
        "size": 1003,
        "mode": 420
      },
      {
        "path": "reports/security/raw/stability-discovery/tools_nexowatt-v7109-clean-core-selftest.cjs.log",
        "size": 1029,
        "mode": 420
      },
      {
        "path": "reports/security/raw/stability-discovery/tools_nexowatt-value-column-selftest.cjs.log",
        "size": 128,
        "mode": 420
      },
      {
        "path": "reports/security/raw/stability-discovery/tools_nexowatt-version-sync-selftest.cjs.log",
        "size": 176,
        "mode": 420
      },
      {
        "path": "reports/security/raw/supply-7.10.11/auto-update-390.png",
        "size": 142773,
        "mode": 420
      },
      {
        "path": "reports/security/raw/supply-7.10.11/auto-update-1280.png",
        "size": 188068,
        "mode": 420
      },
      {
        "path": "reports/security/raw/supply-7.10.11/auto-update-placement-tests.txt",
        "size": 94,
        "mode": 420
      },
      {
        "path": "reports/security/raw/supply-7.10.11/auto-update-tests.txt",
        "size": 151,
        "mode": 420
      },
      {
        "path": "reports/security/raw/supply-7.10.11/lock-provenance-gate.json",
        "size": 138781,
        "mode": 420
      },
      {
        "path": "reports/security/raw/supply-7.10.11/lock-provenance-tests.txt",
        "size": 91,
        "mode": 420
      },
      {
        "path": "reports/security/raw/supply-7.10.11/preview-auto-update.cjs",
        "size": 3344,
        "mode": 420
      },
      {
        "path": "reports/security/raw/supply-7.10.11/subtask-evidence.json",
        "size": 2321,
        "mode": 420
      },
      {
        "path": "reports/security/raw/supply-7.10.11/ui-results.json",
        "size": 523,
        "mode": 420
      },
      {
        "path": "reports/security/raw/supply-chain/nexowatt-backend-runtime-selftest.cjs.log",
        "size": 261,
        "mode": 420
      },
      {
        "path": "reports/security/raw/supply-chain/nexowatt-entrypoint-smoke-selftest.cjs.log",
        "size": 207,
        "mode": 420
      },
      {
        "path": "reports/security/raw/supply-chain/nexowatt-esm-syntax-selftest.cjs.log",
        "size": 139,
        "mode": 420
      },
      {
        "path": "reports/security/raw/supply-chain/nexowatt-import-integrity-selftest.cjs.log",
        "size": 151,
        "mode": 420
      },
      {
        "path": "reports/security/raw/supply-chain/nexowatt-security-inventory-selftest.cjs.log",
        "size": 287,
        "mode": 420
      },
      {
        "path": "reports/security/raw/supply-chain/nexowatt-transpile-security-backend-selftest.cjs.log",
        "size": 474,
        "mode": 420
      },
      {
        "path": "reports/security/raw/supply-chain/results.json",
        "size": 1315,
        "mode": 420
      },
      {
        "path": "reports/security/raw/web-resources/source-tests.tap",
        "size": 4210,
        "mode": 420
      },
      {
        "path": "reports/security/RELEASE_REVIEW_7.10.10.md",
        "size": 9656,
        "mode": 420
      },
      {
        "path": "reports/security/sbom-backend-lock.cdx.json",
        "size": 854819,
        "mode": 420
      },
      {
        "path": "reports/security/sbom-frontend-lock.cdx.json",
        "size": 1067556,
        "mode": 420
      },
      {
        "path": "reports/security/secret-pattern-scan.json",
        "size": 904,
        "mode": 420
      },
      {
        "path": "reports/security/source-runtime-manifest.json",
        "size": 143064,
        "mode": 420
      },
      {
        "path": "reports/security/SUPPLY_CHAIN_AND_BUILD_AUDIT.md",
        "size": 16563,
        "mode": 420
      },
      {
        "path": "reports/security/ui-preview/evidence.json",
        "size": 2180,
        "mode": 420
      },
      {
        "path": "reports/security/ui-preview/home-desktop.png",
        "size": 138557,
        "mode": 420
      },
      {
        "path": "reports/security/ui-preview/missing-license-mobile.png",
        "size": 121688,
        "mode": 420
      },
      {
        "path": "reports/security/ui-preview/pro-desktop.png",
        "size": 149463,
        "mode": 420
      },
      {
        "path": "reports/security/ui-preview/README.md",
        "size": 1476,
        "mode": 420
      },
      {
        "path": "reports/security/ui-preview/request-denied-desktop.png",
        "size": 152136,
        "mode": 420
      },
      {
        "path": "reports/security/ui-preview/run-preview.cjs",
        "size": 11208,
        "mode": 420
      },
      {
        "path": "tools/nexowatt-account-management-selftest.cjs",
        "size": 3758,
        "mode": 420
      },
      {
        "path": "tools/nexowatt-account-password-flow-selftest.cjs",
        "size": 912,
        "mode": 420
      },
      {
        "path": "tools/nexowatt-apply-ems-overview.cjs",
        "size": 8255,
        "mode": 420
      },
      {
        "path": "tools/nexowatt-auto-update-placement-selftest.cjs",
        "size": 2566,
        "mode": 420
      },
      {
        "path": "tools/nexowatt-auto-update-selftest.cjs",
        "size": 8543,
        "mode": 420
      },
      {
        "path": "tools/nexowatt-backend-runtime-selftest.cjs",
        "size": 5239,
        "mode": 420
      },
      {
        "path": "tools/nexowatt-clean-legacy-runtime.cjs",
        "size": 8986,
        "mode": 420
      },
      {
        "path": "tools/nexowatt-ems-overview-selftest.cjs",
        "size": 2232,
        "mode": 420
      },
      {
        "path": "tools/nexowatt-ensure-release-defaults.cjs",
        "size": 2602,
        "mode": 420
      },
      {
        "path": "tools/nexowatt-generate-eos-admin-repo-entry.cjs",
        "size": 1358,
        "mode": 420
      },
      {
        "path": "tools/nexowatt-generate-repo-entry.cjs",
        "size": 91,
        "mode": 420
      },
      {
        "path": "tools/nexowatt-installer-ems-selftest.cjs",
        "size": 2465,
        "mode": 420
      },
      {
        "path": "tools/nexowatt-internal-reserve-selftest.cjs",
        "size": 3347,
        "mode": 420
      },
      {
        "path": "tools/nexowatt-login-layout-selftest.cjs",
        "size": 1580,
        "mode": 420
      },
      {
        "path": "tools/nexowatt-merge-update-selftest.cjs",
        "size": 2834,
        "mode": 420
      },
      {
        "path": "tools/nexowatt-modern-ui-selftest.cjs",
        "size": 1778,
        "mode": 420
      },
      {
        "path": "tools/nexowatt-password-write-selftest.cjs",
        "size": 2990,
        "mode": 420
      },
      {
        "path": "tools/nexowatt-patch-repo.cjs",
        "size": 2176,
        "mode": 420
      },
      {
        "path": "tools/nexowatt-prebuilt-release-selftest.cjs",
        "size": 11559,
        "mode": 420
      },
      {
        "path": "tools/nexowatt-publish-channel-guard.cjs",
        "size": 2199,
        "mode": 420
      },
      {
        "path": "tools/nexowatt-release-defaults-selftest.cjs",
        "size": 1098,
        "mode": 420
      },
      {
        "path": "tools/nexowatt-repair-eos-admin-update.cjs",
        "size": 950,
        "mode": 420
      },
      {
        "path": "tools/nexowatt-role-security-selftest.cjs",
        "size": 10364,
        "mode": 420
      },
      {
        "path": "tools/nexowatt-runtime-cleanup-selftest.cjs",
        "size": 3744,
        "mode": 420
      },
      {
        "path": "tools/nexowatt-security-boundaries-selftest.cjs",
        "size": 37405,
        "mode": 420
      },
      {
        "path": "tools/nexowatt-security-inventory.cjs",
        "size": 12643,
        "mode": 420
      },
      {
        "path": "tools/nexowatt-stable-v7103-selftest.cjs",
        "size": 4534,
        "mode": 420
      },
      {
        "path": "tools/nexowatt-sync-release-version.cjs",
        "size": 9697,
        "mode": 420
      },
      {
        "path": "tools/nexowatt-ui-overview-runtime-selftest.cjs",
        "size": 3095,
        "mode": 420
      },
      {
        "path": "tools/nexowatt-user-area-selftest.cjs",
        "size": 2168,
        "mode": 420
      },
      {
        "path": "tools/nexowatt-v7109-clean-core-selftest.cjs",
        "size": 4426,
        "mode": 420
      },
      {
        "path": "tools/nexowatt-validate-package.cjs",
        "size": 27386,
        "mode": 420
      },
      {
        "path": "tools/nexowatt-version-sync-selftest.cjs",
        "size": 4759,
        "mode": 420
      }
    ],
    "entryCount": 1139,
    "bundled": []
  }
]
